"1806509","turmas-graduacao","2013.1","EAD0016","PRATICA DE ENSINO IV  DIDATICA","90","-","2013","1"
"1806509","turmas-graduacao","2013.1","EAD0016","PRATICA DE ENSINO IV  DIDATICA","90","-","2013","1"
"1806509","turmas-graduacao","2013.1","EAD0016","PRATICA DE ENSINO IV  DIDATICA","90","-","2013","1"
"1806509","turmas-graduacao","2012.2","EAD0016","PRATICA DE ENSINO IV  DIDATICA","90","-","2012","0"
"1670040","turmas-graduacao","2012.1","EAD0004","APRENDIZAGEM NO AMBIENTE VIRTUAL DE APRENDIZAGEM MOODLE","45","-","2012","1"
"1670040","turmas-graduacao","2012.1","EAD0004","APRENDIZAGEM NO AMBIENTE VIRTUAL DE APRENDIZAGEM MOODLE","45","-","2012","1"
"1670040","turmas-graduacao","2012.1","EAD0004","APRENDIZAGEM NO AMBIENTE VIRTUAL DE APRENDIZAGEM MOODLE","45","-","2012","1"
"1670040","turmas-graduacao","2012.1","EAD0004","APRENDIZAGEM NO AMBIENTE VIRTUAL DE APRENDIZAGEM MOODLE","45","-","2012","1"
"1670040","turmas-graduacao","2011.2","EAD0004","APRENDIZAGEM NO AMBIENTE VIRTUAL DE APRENDIZAGEM MOODLE","45","-","2011","0"
"1670040","turmas-graduacao","2011.2","EAD0004","APRENDIZAGEM NO AMBIENTE VIRTUAL DE APRENDIZAGEM MOODLE","45","-","2011","0"
"2125184","turmas-graduacao","2017.1","EAD0034","HISTORIA E EDUCACAO","60","-","2017","1"
"2125184","turmas-graduacao","2017.1","EAD0034","HISTORIA E EDUCACAO","60","-","2017","1"
"2125184","turmas-graduacao","2017.1","EAD0034","HISTORIA E EDUCACAO","60","-","2017","1"
"2125184","turmas-graduacao","2017.1","EAD0034","HISTORIA E EDUCACAO","60","-","2017","1"
"2125184","turmas-graduacao","2017.1","EAD0034","HISTORIA E EDUCACAO","60","-","2017","1"
"2125184","turmas-graduacao","2015.1","EAD0034","HISTORIA E EDUCACAO","60","-","2015","1"
"2125184","turmas-graduacao","2015.1","EAD0034","HISTORIA E EDUCACAO","60","-","2015","1"
"2125184","turmas-graduacao","2015.1","EAD0034","HISTORIA E EDUCACAO","60","-","2015","1"
"2125184","turmas-graduacao","2014.2","EAD0034","HISTORIA E EDUCACAO","60","-","2014","0"
"2125184","turmas-graduacao","2014.2","EAD0034","HISTORIA E EDUCACAO","60","-","2014","0"
"2125184","turmas-graduacao","2014.2","EAD0034","HISTORIA E EDUCACAO","60","-","2014","0"
"1714258","turmas-graduacao","2015.2","EAD0017","FILOSOFIA E EDUCACAO","60","-","2015","0"
"1714258","turmas-graduacao","2015.2","EAD0017","FILOSOFIA E EDUCACAO","60","-","2015","0"
"1714258","turmas-graduacao","2015.2","EAD0017","FILOSOFIA E EDUCACAO","60","-","2015","0"
"1714258","turmas-graduacao","2015.2","EAD0017","FILOSOFIA E EDUCACAO","60","-","2015","0"
"1714258","turmas-graduacao","2014.1","EAD0017","FILOSOFIA E EDUCACAO","60","-","2014","1"
"1714258","turmas-graduacao","2014.1","EAD0017","FILOSOFIA E EDUCACAO","60","-","2014","1"
"1714258","turmas-graduacao","2014.1","EAD0017","FILOSOFIA E EDUCACAO","60","-","2014","1"
"1714258","turmas-graduacao","2014.1","EAD0017","FILOSOFIA E EDUCACAO","60","-","2014","1"
"1714258","turmas-graduacao","2014.1","EAD0017","FILOSOFIA E EDUCACAO","60","-","2014","1"
"1714258","turmas-graduacao","2014.1","EAD0017","FILOSOFIA E EDUCACAO","60","-","2014","1"
"1714258","turmas-graduacao","2013.2","EAD0017","FILOSOFIA E EDUCACAO","60","-","2013","0"
"1714258","turmas-graduacao","2013.2","EAD0017","FILOSOFIA E EDUCACAO","60","-","2013","0"
"1714258","turmas-graduacao","2013.2","EAD0017","FILOSOFIA E EDUCACAO","60","-","2013","0"
"1714258","turmas-graduacao","2013.1","EAD0017","FILOSOFIA E EDUCACAO","60","-","2013","1"
"1714258","turmas-graduacao","2013.1","EAD0017","FILOSOFIA E EDUCACAO","60","-","2013","1"
"1714258","turmas-graduacao","2013.1","EAD0017","FILOSOFIA E EDUCACAO","60","-","2013","1"
"1806454","turmas-graduacao","2012.1","EAD0001","ANALISE E EXPRESSAO TEXTUAL","60","-","2012","1"
"1806454","turmas-graduacao","2012.1","EAD0001","ANALISE E EXPRESSAO TEXTUAL","60","-","2012","1"
"1806454","turmas-graduacao","2012.1","EAD0001","ANALISE E EXPRESSAO TEXTUAL","60","-","2012","1"
"1806454","turmas-graduacao","2012.1","EAD0001","ANALISE E EXPRESSAO TEXTUAL","60","-","2012","1"
"1806454","turmas-graduacao","2011.2","EAD0001","ANALISE E EXPRESSAO TEXTUAL","60","-","2011","0"
"1806454","turmas-graduacao","2011.2","EAD0001","ANALISE E EXPRESSAO TEXTUAL","60","-","2011","0"
"1806454","turmas-graduacao","2011.2","EAD0001","ANALISE E EXPRESSAO TEXTUAL","60","-","2011","0"
"1806454","turmas-graduacao","2011.2","EAD0001","ANALISE E EXPRESSAO TEXTUAL","60","-","2011","0"
"2408341","turmas-graduacao","2018.2","EAD0136","POLITICAS, ESTRUTURA E GESTAO DA EDUCACAO","60","-","2018","0"
"2408341","turmas-graduacao","2018.2","EAD0136","POLITICAS, ESTRUTURA E GESTAO DA EDUCACAO","60","-","2018","0"
"2408341","turmas-graduacao","2018.2","EAD0136","POLITICAS, ESTRUTURA E GESTAO DA EDUCACAO","60","-","2018","0"
"2408341","turmas-graduacao","2018.2","EAD0136","POLITICAS, ESTRUTURA E GESTAO DA EDUCACAO","60","-","2018","0"
"2408341","turmas-graduacao","2018.2","EAD0136","POLITICAS, ESTRUTURA E GESTAO DA EDUCACAO","60","-","2018","0"
"2408341","turmas-graduacao","2018.2","EAD0136","POLITICAS, ESTRUTURA E GESTAO DA EDUCACAO","60","-","2018","0"
"2408341","turmas-graduacao","2018.2","EAD0136","POLITICAS, ESTRUTURA E GESTAO DA EDUCACAO","60","-","2018","0"
"2408341","turmas-graduacao","2018.2","EAD0136","POLITICAS, ESTRUTURA E GESTAO DA EDUCACAO","60","-","2018","0"
"1521615","turmas-graduacao","2016.2","EAD0078","BANCO DE DADOS","60","-","2016","0"
"1521615","turmas-graduacao","2016.2","EAD0078","BANCO DE DADOS","60","-","2016","0"
"1521615","turmas-graduacao","2016.2","EAD0078","BANCO DE DADOS","60","-","2016","0"
"1521615","turmas-graduacao","2016.2","EAD0078","BANCO DE DADOS","60","-","2016","0"
"1521615","turmas-graduacao","2016.2","EAD0078","BANCO DE DADOS","60","-","2016","0"
"1521615","turmas-graduacao","2016.2","EAD0078","BANCO DE DADOS","60","-","2016","0"
"1855470","turmas-graduacao","2018.1","EAD0061","LINGUAGEM DE PROGRAMACAO I","60","-","2018","1"
"1855470","turmas-graduacao","2018.1","EAD0061","LINGUAGEM DE PROGRAMACAO I","60","-","2018","1"
"1855470","turmas-graduacao","2018.1","EAD0061","LINGUAGEM DE PROGRAMACAO I","60","-","2018","1"
"1855470","turmas-graduacao","2018.1","EAD0061","LINGUAGEM DE PROGRAMACAO I","60","-","2018","1"
"1855470","turmas-graduacao","2017.1","EAD0091","MOBILE LEARNING","60","-","2017","1"
"1855470","turmas-graduacao","2017.1","EAD0091","MOBILE LEARNING","60","-","2017","1"
"1855470","turmas-graduacao","2017.1","EAD0091","MOBILE LEARNING","60","-","2017","1"
"1855470","turmas-graduacao","2017.1","EAD0091","MOBILE LEARNING","60","-","2017","1"
"1855470","turmas-graduacao","2017.1","EAD0091","MOBILE LEARNING","60","-","2017","1"
"1855470","turmas-graduacao","2017.1","EAD0091","MOBILE LEARNING","60","-","2017","1"
"1855470","turmas-graduacao","2016.2","EAD0061","LINGUAGEM DE PROGRAMACAO I","60","-","2016","0"
"1855470","turmas-graduacao","2016.2","EAD0061","LINGUAGEM DE PROGRAMACAO I","60","-","2016","0"
"1855470","turmas-graduacao","2016.2","EAD0061","LINGUAGEM DE PROGRAMACAO I","60","-","2016","0"
"1855470","turmas-graduacao","2016.2","EAD0061","LINGUAGEM DE PROGRAMACAO I","60","-","2016","0"
"1855470","turmas-graduacao","2016.2","EAD0061","LINGUAGEM DE PROGRAMACAO I","60","-","2016","0"
"1855470","turmas-graduacao","2016.1","EAD0074","TECNOLOGIAS DIGITAIS EM ESPACOS ESCOLARES","60","-","2016","1"
"1855470","turmas-graduacao","2016.1","EAD0074","TECNOLOGIAS DIGITAIS EM ESPACOS ESCOLARES","60","-","2016","1"
"1855470","turmas-graduacao","2016.1","EAD0074","TECNOLOGIAS DIGITAIS EM ESPACOS ESCOLARES","60","-","2016","1"
"1855470","turmas-graduacao","2016.1","EAD0074","TECNOLOGIAS DIGITAIS EM ESPACOS ESCOLARES","60","-","2016","1"
"1855470","turmas-graduacao","2016.1","EAD0074","TECNOLOGIAS DIGITAIS EM ESPACOS ESCOLARES","60","-","2016","1"
"1855470","turmas-graduacao","2016.1","EAD0074","TECNOLOGIAS DIGITAIS EM ESPACOS ESCOLARES","60","-","2016","1"
"1855470","turmas-graduacao","2015.3","EAD0061","LINGUAGEM DE PROGRAMACAO I","60","-","2015","3"
"1855470","turmas-graduacao","2015.3","EAD0061","LINGUAGEM DE PROGRAMACAO I","60","-","2015","3"
"1855470","turmas-graduacao","2015.3","EAD0061","LINGUAGEM DE PROGRAMACAO I","60","-","2015","3"
"1855470","turmas-graduacao","2015.3","EAD0061","LINGUAGEM DE PROGRAMACAO I","60","-","2015","3"
"1855470","turmas-graduacao","2014.1","EAD0057","PRATICA DE ENSINO I: EDUCACAO EM COMPUTACAO","60","-","2014","1"
"1855470","turmas-graduacao","2014.1","EAD0057","PRATICA DE ENSINO I: EDUCACAO EM COMPUTACAO","60","-","2014","1"
"1855470","turmas-graduacao","2014.1","EAD0057","PRATICA DE ENSINO I: EDUCACAO EM COMPUTACAO","60","-","2014","1"
"1855470","turmas-graduacao","2014.1","EAD0057","PRATICA DE ENSINO I: EDUCACAO EM COMPUTACAO","60","-","2014","1"
"1855470","turmas-graduacao","2014.1","EAD0057","PRATICA DE ENSINO I: EDUCACAO EM COMPUTACAO","60","-","2014","1"
"1855470","turmas-graduacao","2014.1","EAD0057","PRATICA DE ENSINO I: EDUCACAO EM COMPUTACAO","60","-","2014","1"
"1855470","turmas-graduacao","2013.1","EAD0015","PRATICA DE ENSINO III  OBJETOS DIGITAIS DE EDUCACAO","60","-","2013","1"
"1855470","turmas-graduacao","2013.1","EAD0015","PRATICA DE ENSINO III  OBJETOS DIGITAIS DE EDUCACAO","60","-","2013","1"
"1855470","turmas-graduacao","2013.1","EAD0015","PRATICA DE ENSINO III  OBJETOS DIGITAIS DE EDUCACAO","60","-","2013","1"
"1855470","turmas-graduacao","2012.2","EAD0015","PRATICA DE ENSINO III  OBJETOS DIGITAIS DE EDUCACAO","60","-","2012","0"
"1805780","turmas-graduacao","2018.2","EAD0056","INTRODUCAO A COMPUTACAO","60","-","2018","0"
"1805780","turmas-graduacao","2018.2","EAD0056","INTRODUCAO A COMPUTACAO","60","-","2018","0"
"1805780","turmas-graduacao","2018.2","EAD0056","INTRODUCAO A COMPUTACAO","60","-","2018","0"
"1805780","turmas-graduacao","2018.2","EAD0056","INTRODUCAO A COMPUTACAO","60","-","2018","0"
"1805780","turmas-graduacao","2018.2","EAD0056","INTRODUCAO A COMPUTACAO","60","-","2018","0"
"1805780","turmas-graduacao","2018.2","EAD0056","INTRODUCAO A COMPUTACAO","60","-","2018","0"
"1805780","turmas-graduacao","2018.2","EAD0056","INTRODUCAO A COMPUTACAO","60","-","2018","0"
"1805780","turmas-graduacao","2018.1","EAD0058","ALGORITMOS E ESTRUTURAS DE DADOS I","60","-","2018","1"
"1805780","turmas-graduacao","2018.1","EAD0058","ALGORITMOS E ESTRUTURAS DE DADOS I","60","-","2018","1"
"1805780","turmas-graduacao","2018.1","EAD0058","ALGORITMOS E ESTRUTURAS DE DADOS I","60","-","2018","1"
"1805780","turmas-graduacao","2018.1","EAD0058","ALGORITMOS E ESTRUTURAS DE DADOS I","60","-","2018","1"
"1805780","turmas-graduacao","2018.1","EAD0058","ALGORITMOS E ESTRUTURAS DE DADOS I","60","-","2018","1"
"1805780","turmas-graduacao","2018.1","EAD0058","ALGORITMOS E ESTRUTURAS DE DADOS I","60","-","2018","1"
"1805780","turmas-graduacao","2015.3","EAD0062","ALGORITMOS E ESTRUTURAS DE DADOS II","60","-","2015","3"
"1805780","turmas-graduacao","2015.3","EAD0062","ALGORITMOS E ESTRUTURAS DE DADOS II","60","-","2015","3"
"1805780","turmas-graduacao","2015.3","EAD0062","ALGORITMOS E ESTRUTURAS DE DADOS II","60","-","2015","3"
"1805780","turmas-graduacao","2015.3","EAD0062","ALGORITMOS E ESTRUTURAS DE DADOS II","60","-","2015","3"
"1805780","turmas-graduacao","2015.1","EAD0032","ESTAGIO CURRICULAR SUPERVISIONADO III - ENSINO-APRENDIZAGEM DE MATEMATICA III","90","-","2015","1"
"1805780","turmas-graduacao","2015.1","EAD0032","ESTAGIO CURRICULAR SUPERVISIONADO III - ENSINO-APRENDIZAGEM DE MATEMATICA III","90","-","2015","1"
"1805780","turmas-graduacao","2015.1","EAD0032","ESTAGIO CURRICULAR SUPERVISIONADO III - ENSINO-APRENDIZAGEM DE MATEMATICA III","90","-","2015","1"
"1805780","turmas-graduacao","2014.2","EAD0032","ESTAGIO CURRICULAR SUPERVISIONADO III - ENSINO-APRENDIZAGEM DE MATEMATICA III","90","-","2014","0"
"1805780","turmas-graduacao","2014.2","EAD0032","ESTAGIO CURRICULAR SUPERVISIONADO III - ENSINO-APRENDIZAGEM DE MATEMATICA III","90","-","2014","0"
"1805780","turmas-graduacao","2014.2","EAD0032","ESTAGIO CURRICULAR SUPERVISIONADO III - ENSINO-APRENDIZAGEM DE MATEMATICA III","90","-","2014","0"
"1805780","turmas-graduacao","2014.1","EAD0023","ESTAGIO CURRICULAR SUPERVISIONADO I - ENSINO-APRENDIZAGEM DE MATEMATICA I","90","-","2014","1"
"1805780","turmas-graduacao","2014.1","EAD0023","ESTAGIO CURRICULAR SUPERVISIONADO I - ENSINO-APRENDIZAGEM DE MATEMATICA I","90","-","2014","1"
"1805780","turmas-graduacao","2014.1","EAD0023","ESTAGIO CURRICULAR SUPERVISIONADO I - ENSINO-APRENDIZAGEM DE MATEMATICA I","90","-","2014","1"
"1805780","turmas-graduacao","2013.2","EAD0023","ESTAGIO CURRICULAR SUPERVISIONADO I - ENSINO-APRENDIZAGEM DE MATEMATICA I","90","-","2013","0"
"1805780","turmas-graduacao","2013.2","EAD0023","ESTAGIO CURRICULAR SUPERVISIONADO I - ENSINO-APRENDIZAGEM DE MATEMATICA I","90","-","2013","0"
"1805780","turmas-graduacao","2013.2","EAD0023","ESTAGIO CURRICULAR SUPERVISIONADO I - ENSINO-APRENDIZAGEM DE MATEMATICA I","90","-","2013","0"
"1714606","turmas-graduacao","2018.2","EAD0085","SISTEMAS INTELIGENTES","60","-","2018","0"
"1714606","turmas-graduacao","2018.2","EAD0085","SISTEMAS INTELIGENTES","60","-","2018","0"
"1714606","turmas-graduacao","2018.2","EAD0085","SISTEMAS INTELIGENTES","60","-","2018","0"
"1714606","turmas-graduacao","2018.2","EAD0085","SISTEMAS INTELIGENTES","60","-","2018","0"
"1714606","turmas-graduacao","2017.2","EAD0085","SISTEMAS INTELIGENTES","60","-","2017","0"
"1714606","turmas-graduacao","2017.2","EAD0085","SISTEMAS INTELIGENTES","60","-","2017","0"
"1714606","turmas-graduacao","2017.2","EAD0085","SISTEMAS INTELIGENTES","60","-","2017","0"
"1714606","turmas-graduacao","2017.2","EAD0085","SISTEMAS INTELIGENTES","60","-","2017","0"
"1714606","turmas-graduacao","2017.2","EAD0085","SISTEMAS INTELIGENTES","60","-","2017","0"
"1714606","turmas-graduacao","2017.2","EAD0085","SISTEMAS INTELIGENTES","60","-","2017","0"
"1714606","turmas-graduacao","2016.2","EAD0092","SOFTWARE LIVRE","60","-","2016","0"
"1714606","turmas-graduacao","2016.2","EAD0092","SOFTWARE LIVRE","60","-","2016","0"
"1714606","turmas-graduacao","2016.2","EAD0092","SOFTWARE LIVRE","60","-","2016","0"
"1714606","turmas-graduacao","2016.2","EAD0092","SOFTWARE LIVRE","60","-","2016","0"
"1714606","turmas-graduacao","2016.2","EAD0092","SOFTWARE LIVRE","60","-","2016","0"
"1714606","turmas-graduacao","2016.2","EAD0092","SOFTWARE LIVRE","60","-","2016","0"
"1669481","turmas-graduacao","2018.2","EAD0151","MATEMATICA BASICA","60","-","2018","0"
"1669481","turmas-graduacao","2018.2","EAD0151","MATEMATICA BASICA","60","-","2018","0"
"1669481","turmas-graduacao","2018.2","EAD0151","MATEMATICA BASICA","60","-","2018","0"
"1669481","turmas-graduacao","2018.2","EAD0151","MATEMATICA BASICA","60","-","2018","0"
"1669481","turmas-graduacao","2018.2","EAD0151","MATEMATICA BASICA","60","-","2018","0"
"1669481","turmas-graduacao","2018.2","EAD0151","MATEMATICA BASICA","60","-","2018","0"
"1669481","turmas-graduacao","2018.1","EAD0003","MATEMATICA BASICA","60","-","2018","1"
"1669481","turmas-graduacao","2018.1","EAD0003","MATEMATICA BASICA","60","-","2018","1"
"1669481","turmas-graduacao","2018.1","EAD0003","MATEMATICA BASICA","60","-","2018","1"
"1669481","turmas-graduacao","2018.1","EAD0003","MATEMATICA BASICA","60","-","2018","1"
"1669481","turmas-graduacao","2018.1","EAD0003","MATEMATICA BASICA","60","-","2018","1"
"1669481","turmas-graduacao","2018.1","EAD0003","MATEMATICA BASICA","60","-","2018","1"
"1673984","turmas-graduacao","2016.1","EAD0071","PRATICA DE ENSINO VI: ENSINO-APRENDIZAGEM DE COMPUTACAO II","60","-","2016","1"
"1673984","turmas-graduacao","2016.1","EAD0071","PRATICA DE ENSINO VI: ENSINO-APRENDIZAGEM DE COMPUTACAO II","60","-","2016","1"
"1673984","turmas-graduacao","2016.1","EAD0071","PRATICA DE ENSINO VI: ENSINO-APRENDIZAGEM DE COMPUTACAO II","60","-","2016","1"
"1673984","turmas-graduacao","2016.1","EAD0071","PRATICA DE ENSINO VI: ENSINO-APRENDIZAGEM DE COMPUTACAO II","60","-","2016","1"
"1673984","turmas-graduacao","2016.1","EAD0071","PRATICA DE ENSINO VI: ENSINO-APRENDIZAGEM DE COMPUTACAO II","60","-","2016","1"
"1673984","turmas-graduacao","2016.1","EAD0071","PRATICA DE ENSINO VI: ENSINO-APRENDIZAGEM DE COMPUTACAO II","60","-","2016","1"
"1286535","turmas-graduacao","2018.2","EAD0066","LINGUAGEM DE PROGRAMACAO II","60","-","2018","0"
"1286535","turmas-graduacao","2018.2","EAD0066","LINGUAGEM DE PROGRAMACAO II","60","-","2018","0"
"1286535","turmas-graduacao","2018.2","EAD0066","LINGUAGEM DE PROGRAMACAO II","60","-","2018","0"
"1286535","turmas-graduacao","2018.2","EAD0083","PROGRAMACAO WEB","60","-","2018","0"
"1286535","turmas-graduacao","2017.2","EAD0087","ENGENHARIA DE SOFTWARES EDUCACIONAIS","60","-","2017","0"
"1286535","turmas-graduacao","2017.2","EAD0087","ENGENHARIA DE SOFTWARES EDUCACIONAIS","60","-","2017","0"
"1286535","turmas-graduacao","2017.2","EAD0087","ENGENHARIA DE SOFTWARES EDUCACIONAIS","60","-","2017","0"
"1286535","turmas-graduacao","2017.2","EAD0087","ENGENHARIA DE SOFTWARES EDUCACIONAIS","60","-","2017","0"
"1286535","turmas-graduacao","2017.2","EAD0087","ENGENHARIA DE SOFTWARES EDUCACIONAIS","60","-","2017","0"
"1286535","turmas-graduacao","2017.2","EAD0087","ENGENHARIA DE SOFTWARES EDUCACIONAIS","60","-","2017","0"
"1286535","turmas-graduacao","2017.1","EAD0083","PROGRAMACAO WEB","60","-","2017","1"
"1286535","turmas-graduacao","2017.1","EAD0083","PROGRAMACAO WEB","60","-","2017","1"
"1286535","turmas-graduacao","2017.1","EAD0083","PROGRAMACAO WEB","60","-","2017","1"
"1286535","turmas-graduacao","2017.1","EAD0083","PROGRAMACAO WEB","60","-","2017","1"
"1286535","turmas-graduacao","2017.1","EAD0083","PROGRAMACAO WEB","60","-","2017","1"
"1286535","turmas-graduacao","2016.2","EAD0067","PRINCIPIOS DE ENGENHARIA DE SOFTWARE","60","-","2016","0"
"1286535","turmas-graduacao","2016.2","EAD0067","PRINCIPIOS DE ENGENHARIA DE SOFTWARE","60","-","2016","0"
"1286535","turmas-graduacao","2016.2","EAD0067","PRINCIPIOS DE ENGENHARIA DE SOFTWARE","60","-","2016","0"
"1286535","turmas-graduacao","2016.2","EAD0067","PRINCIPIOS DE ENGENHARIA DE SOFTWARE","60","-","2016","0"
"1286535","turmas-graduacao","2016.2","EAD0067","PRINCIPIOS DE ENGENHARIA DE SOFTWARE","60","-","2016","0"
"1286535","turmas-graduacao","2016.2","EAD0067","PRINCIPIOS DE ENGENHARIA DE SOFTWARE","60","-","2016","0"
"1286535","turmas-graduacao","2016.1","EAD0075","ANALISE E PROJETO DE SISTEMAS","60","-","2016","1"
"1286535","turmas-graduacao","2016.1","EAD0075","ANALISE E PROJETO DE SISTEMAS","60","-","2016","1"
"1286535","turmas-graduacao","2016.1","EAD0075","ANALISE E PROJETO DE SISTEMAS","60","-","2016","1"
"1286535","turmas-graduacao","2016.1","EAD0075","ANALISE E PROJETO DE SISTEMAS","60","-","2016","1"
"1286535","turmas-graduacao","2016.1","EAD0075","ANALISE E PROJETO DE SISTEMAS","60","-","2016","1"
"1286535","turmas-graduacao","2016.1","EAD0075","ANALISE E PROJETO DE SISTEMAS","60","-","2016","1"
"1613523","turmas-graduacao","2018.1","EAD0082","REDES DE COMPUTADORES","60","-","2018","1"
"1613523","turmas-graduacao","2018.1","EAD0082","REDES DE COMPUTADORES","60","-","2018","1"
"1613523","turmas-graduacao","2018.1","EAD0082","REDES DE COMPUTADORES","60","-","2018","1"
"1613523","turmas-graduacao","2018.1","EAD0082","REDES DE COMPUTADORES","60","-","2018","1"
"1613523","turmas-graduacao","2017.1","EAD0082","REDES DE COMPUTADORES","60","-","2017","1"
"1613523","turmas-graduacao","2017.1","EAD0082","REDES DE COMPUTADORES","60","-","2017","1"
"1613523","turmas-graduacao","2017.1","EAD0082","REDES DE COMPUTADORES","60","-","2017","1"
"1613523","turmas-graduacao","2017.1","EAD0082","REDES DE COMPUTADORES","60","-","2017","1"
"1613523","turmas-graduacao","2017.1","EAD0082","REDES DE COMPUTADORES","60","-","2017","1"
"1613523","turmas-graduacao","2017.1","EAD0082","REDES DE COMPUTADORES","60","-","2017","1"
"1823981","turmas-graduacao","2018.2","EAD0037","ESTAGIO CURRICULAR SUPERVISIONADO V - SEMINARIO DE DOCENCIA - TCC","60","-","2018","0"
"1823981","turmas-graduacao","2018.2","EAD0037","ESTAGIO CURRICULAR SUPERVISIONADO V - SEMINARIO DE DOCENCIA - TCC","60","-","2018","0"
"1823981","turmas-graduacao","2018.1","EAD0026","INFORMATICA BASICA","60","-","2018","1"
"1823981","turmas-graduacao","2018.1","EAD0026","INFORMATICA BASICA","60","-","2018","1"
"1823981","turmas-graduacao","2018.1","EAD0026","INFORMATICA BASICA","60","-","2018","1"
"1823981","turmas-graduacao","2018.1","EAD0026","INFORMATICA BASICA","60","-","2018","1"
"1823981","turmas-graduacao","2018.1","EAD0026","INFORMATICA BASICA","60","-","2018","1"
"1823981","turmas-graduacao","2018.1","EAD0026","INFORMATICA BASICA","60","-","2018","1"
"1823981","turmas-graduacao","2018.1","EAD0005","INTRODUCAO EAD","60","-","2018","1"
"1823981","turmas-graduacao","2018.1","EAD0005","INTRODUCAO EAD","60","-","2018","1"
"1823981","turmas-graduacao","2018.1","EAD0005","INTRODUCAO EAD","60","-","2018","1"
"1823981","turmas-graduacao","2018.1","EAD0005","INTRODUCAO EAD","60","-","2018","1"
"1823981","turmas-graduacao","2018.1","EAD0005","INTRODUCAO EAD","60","-","2018","1"
"1823981","turmas-graduacao","2018.1","EAD0005","INTRODUCAO EAD","60","-","2018","1"
"1823981","turmas-graduacao","2018.1","EAD0005","INTRODUCAO EAD","60","-","2018","1"
"1823981","turmas-graduacao","2014.1","EAD0005","INTRODUCAO EAD","60","-","2014","1"
"1823981","turmas-graduacao","2014.1","EAD0005","INTRODUCAO EAD","60","-","2014","1"
"1823981","turmas-graduacao","2014.1","EAD0005","INTRODUCAO EAD","60","-","2014","1"
"1823981","turmas-graduacao","2014.1","EAD0005","INTRODUCAO EAD","60","-","2014","1"
"1823981","turmas-graduacao","2014.1","EAD0005","INTRODUCAO EAD","60","-","2014","1"
"1823981","turmas-graduacao","2014.1","EAD0005","INTRODUCAO EAD","60","-","2014","1"
"1823981","turmas-graduacao","2014.1","EAD0005","INTRODUCAO EAD","60","-","2014","1"
"1823981","turmas-graduacao","2014.1","EAD0005","INTRODUCAO EAD","60","-","2014","1"
"1823981","turmas-graduacao","2014.1","EAD0005","INTRODUCAO EAD","60","-","2014","1"
"1823981","turmas-graduacao","2014.1","EAD0005","INTRODUCAO EAD","60","-","2014","1"
"1823981","turmas-graduacao","2013.2","EAD0026","INFORMATICA BASICA","60","-","2013","0"
"1823981","turmas-graduacao","2013.2","EAD0026","INFORMATICA BASICA","60","-","2013","0"
"1823981","turmas-graduacao","2013.2","EAD0026","INFORMATICA BASICA","60","-","2013","0"
"1823981","turmas-graduacao","2012.1","EAD0005","INTRODUCAO EAD","60","-","2012","1"
"1823981","turmas-graduacao","2012.1","EAD0005","INTRODUCAO EAD","60","-","2012","1"
"1823981","turmas-graduacao","2012.1","EAD0005","INTRODUCAO EAD","60","-","2012","1"
"1823981","turmas-graduacao","2012.1","EAD0005","INTRODUCAO EAD","60","-","2012","1"
"1823981","turmas-graduacao","2011.2","EAD0004","APRENDIZAGEM NO AMBIENTE VIRTUAL DE APRENDIZAGEM MOODLE","45","-","2011","0"
"1823981","turmas-graduacao","2011.2","EAD0004","APRENDIZAGEM NO AMBIENTE VIRTUAL DE APRENDIZAGEM MOODLE","45","-","2011","0"
"1823981","turmas-graduacao","2011.2","EAD0005","INTRODUCAO EAD","60","-","2011","0"
"1823981","turmas-graduacao","2011.2","EAD0005","INTRODUCAO EAD","60","-","2011","0"
"1823981","turmas-graduacao","2011.2","EAD0005","INTRODUCAO EAD","60","-","2011","0"
"1823981","turmas-graduacao","2011.2","EAD0005","INTRODUCAO EAD","60","-","2011","0"
"1810758","turmas-graduacao","2015.2","EAD0067","PRINCIPIOS DE ENGENHARIA DE SOFTWARE","60","-","2015","0"
"1810758","turmas-graduacao","2015.2","EAD0067","PRINCIPIOS DE ENGENHARIA DE SOFTWARE","60","-","2015","0"
"1810758","turmas-graduacao","2015.2","EAD0067","PRINCIPIOS DE ENGENHARIA DE SOFTWARE","60","-","2015","0"
"1810758","turmas-graduacao","2015.2","EAD0067","PRINCIPIOS DE ENGENHARIA DE SOFTWARE","60","-","2015","0"
"1810758","turmas-graduacao","2015.2","EAD0067","PRINCIPIOS DE ENGENHARIA DE SOFTWARE","60","-","2015","0"
"1810758","turmas-graduacao","2015.2","EAD0067","PRINCIPIOS DE ENGENHARIA DE SOFTWARE","60","-","2015","0"
"1810758","turmas-graduacao","2015.1","EAD0015","PRATICA DE ENSINO III  OBJETOS DIGITAIS DE EDUCACAO","60","-","2015","1"
"1810758","turmas-graduacao","2015.1","EAD0015","PRATICA DE ENSINO III  OBJETOS DIGITAIS DE EDUCACAO","60","-","2015","1"
"1810758","turmas-graduacao","2015.1","EAD0015","PRATICA DE ENSINO III  OBJETOS DIGITAIS DE EDUCACAO","60","-","2015","1"
"1810758","turmas-graduacao","2015.1","EAD0015","PRATICA DE ENSINO III  OBJETOS DIGITAIS DE EDUCACAO","60","-","2015","1"
"2778421","turmas-graduacao","2018.2","EAD0062","ALGORITMOS E ESTRUTURAS DE DADOS II","60","-","2018","0"
"2778421","turmas-graduacao","2018.2","EAD0062","ALGORITMOS E ESTRUTURAS DE DADOS II","60","-","2018","0"
"2778421","turmas-graduacao","2018.2","EAD0062","ALGORITMOS E ESTRUTURAS DE DADOS II","60","-","2018","0"
"2778421","turmas-graduacao","2018.2","EAD0062","ALGORITMOS E ESTRUTURAS DE DADOS II","60","-","2018","0"
"2778421","turmas-graduacao","2018.2","EAD0062","ALGORITMOS E ESTRUTURAS DE DADOS II","60","-","2018","0"
"1566120","turmas-graduacao","2017.1","EAD0072","ORGANIZACAO E ARQUITETURA DE COMPUTADORES","60","-","2017","1"
"1566120","turmas-graduacao","2017.1","EAD0072","ORGANIZACAO E ARQUITETURA DE COMPUTADORES","60","-","2017","1"
"1566120","turmas-graduacao","2017.1","EAD0072","ORGANIZACAO E ARQUITETURA DE COMPUTADORES","60","-","2017","1"
"1566120","turmas-graduacao","2017.1","EAD0072","ORGANIZACAO E ARQUITETURA DE COMPUTADORES","60","-","2017","1"
"1566120","turmas-graduacao","2017.1","EAD0072","ORGANIZACAO E ARQUITETURA DE COMPUTADORES","60","-","2017","1"
"1566120","turmas-graduacao","2017.1","EAD0072","ORGANIZACAO E ARQUITETURA DE COMPUTADORES","60","-","2017","1"
"1566120","turmas-graduacao","2016.2","EAD0077","SISTEMAS OPERACIONAIS","60","-","2016","0"
"1566120","turmas-graduacao","2016.2","EAD0077","SISTEMAS OPERACIONAIS","60","-","2016","0"
"1566120","turmas-graduacao","2016.2","EAD0077","SISTEMAS OPERACIONAIS","60","-","2016","0"
"1566120","turmas-graduacao","2016.2","EAD0077","SISTEMAS OPERACIONAIS","60","-","2016","0"
"1566120","turmas-graduacao","2016.2","EAD0077","SISTEMAS OPERACIONAIS","60","-","2016","0"
"1566120","turmas-graduacao","2016.2","EAD0077","SISTEMAS OPERACIONAIS","60","-","2016","0"
"1566120","turmas-graduacao","2016.1","EAD0072","ORGANIZACAO E ARQUITETURA DE COMPUTADORES","60","-","2016","1"
"1566120","turmas-graduacao","2016.1","EAD0072","ORGANIZACAO E ARQUITETURA DE COMPUTADORES","60","-","2016","1"
"1566120","turmas-graduacao","2016.1","EAD0072","ORGANIZACAO E ARQUITETURA DE COMPUTADORES","60","-","2016","1"
"1566120","turmas-graduacao","2016.1","EAD0072","ORGANIZACAO E ARQUITETURA DE COMPUTADORES","60","-","2016","1"
"1566120","turmas-graduacao","2016.1","EAD0072","ORGANIZACAO E ARQUITETURA DE COMPUTADORES","60","-","2016","1"
"1566120","turmas-graduacao","2016.1","EAD0072","ORGANIZACAO E ARQUITETURA DE COMPUTADORES","60","-","2016","1"
"1566120","turmas-graduacao","2015.1","EAD0061","LINGUAGEM DE PROGRAMACAO I","60","-","2015","1"
"1566120","turmas-graduacao","2015.1","EAD0061","LINGUAGEM DE PROGRAMACAO I","60","-","2015","1"
"1566120","turmas-graduacao","2015.1","EAD0061","LINGUAGEM DE PROGRAMACAO I","60","-","2015","1"
"1566120","turmas-graduacao","2015.1","EAD0061","LINGUAGEM DE PROGRAMACAO I","60","-","2015","1"
"1566120","turmas-graduacao","2015.1","EAD0061","LINGUAGEM DE PROGRAMACAO I","60","-","2015","1"
"1566120","turmas-graduacao","2015.1","EAD0061","LINGUAGEM DE PROGRAMACAO I","60","-","2015","1"
"1936952","turmas-graduacao","2018.2","EAD0219","INGLES PARA COMPUTACAO","60","-","2018","0"
"1936952","turmas-graduacao","2018.2","EAD0219","INGLES PARA COMPUTACAO","60","-","2018","0"
"1936952","turmas-graduacao","2018.2","EAD0219","INGLES PARA COMPUTACAO","60","-","2018","0"
"1936952","turmas-graduacao","2018.2","EAD0219","INGLES PARA COMPUTACAO","60","-","2018","0"
"1936952","turmas-graduacao","2018.2","EAD0219","INGLES PARA COMPUTACAO","60","-","2018","0"
"1936952","turmas-graduacao","2015.2","EAD0066","LINGUAGEM DE PROGRAMACAO II","60","-","2015","0"
"1936952","turmas-graduacao","2015.2","EAD0066","LINGUAGEM DE PROGRAMACAO II","60","-","2015","0"
"1936952","turmas-graduacao","2015.2","EAD0066","LINGUAGEM DE PROGRAMACAO II","60","-","2015","0"
"1936952","turmas-graduacao","2015.2","EAD0066","LINGUAGEM DE PROGRAMACAO II","60","-","2015","0"
"1936952","turmas-graduacao","2015.2","EAD0066","LINGUAGEM DE PROGRAMACAO II","60","-","2015","0"
"1936952","turmas-graduacao","2015.2","EAD0066","LINGUAGEM DE PROGRAMACAO II","60","-","2015","0"
"1936952","turmas-graduacao","2014.2","EAD0060","PRATICA DE ENSINO III: OBJETOS DIGITAIS DE EDUCACAO EM COMPUTACAO","60","-","2014","0"
"1936952","turmas-graduacao","2014.2","EAD0060","PRATICA DE ENSINO III: OBJETOS DIGITAIS DE EDUCACAO EM COMPUTACAO","60","-","2014","0"
"1936952","turmas-graduacao","2014.2","EAD0060","PRATICA DE ENSINO III: OBJETOS DIGITAIS DE EDUCACAO EM COMPUTACAO","60","-","2014","0"
"1936952","turmas-graduacao","2014.2","EAD0060","PRATICA DE ENSINO III: OBJETOS DIGITAIS DE EDUCACAO EM COMPUTACAO","60","-","2014","0"
"1936952","turmas-graduacao","2014.2","EAD0060","PRATICA DE ENSINO III: OBJETOS DIGITAIS DE EDUCACAO EM COMPUTACAO","60","-","2014","0"
"1936952","turmas-graduacao","2014.2","EAD0060","PRATICA DE ENSINO III: OBJETOS DIGITAIS DE EDUCACAO EM COMPUTACAO","60","-","2014","0"
"1936952","turmas-graduacao","2014.1","EAD0056","INTRODUCAO A COMPUTACAO","60","-","2014","1"
"1936952","turmas-graduacao","2014.1","EAD0056","INTRODUCAO A COMPUTACAO","60","-","2014","1"
"1936952","turmas-graduacao","2014.1","EAD0056","INTRODUCAO A COMPUTACAO","60","-","2014","1"
"1936952","turmas-graduacao","2014.1","EAD0056","INTRODUCAO A COMPUTACAO","60","-","2014","1"
"1936952","turmas-graduacao","2014.1","EAD0056","INTRODUCAO A COMPUTACAO","60","-","2014","1"
"1936952","turmas-graduacao","2014.1","EAD0056","INTRODUCAO A COMPUTACAO","60","-","2014","1"
"1803028","turmas-graduacao","2017.2","EAD0048","METODOLOGIA DA PESQUISA CIENTIFICA","60","-","2017","0"
"1803028","turmas-graduacao","2017.2","EAD0048","METODOLOGIA DA PESQUISA CIENTIFICA","60","-","2017","0"
"1803028","turmas-graduacao","2017.2","EAD0048","METODOLOGIA DA PESQUISA CIENTIFICA","60","-","2017","0"
"1803028","turmas-graduacao","2017.2","EAD0048","METODOLOGIA DA PESQUISA CIENTIFICA","60","-","2017","0"
"1803028","turmas-graduacao","2017.1","EAD0001","ANALISE E EXPRESSAO TEXTUAL","60","-","2017","1"
"1803028","turmas-graduacao","2014.1","EAD0001","ANALISE E EXPRESSAO TEXTUAL","60","-","2014","1"
"1803028","turmas-graduacao","2014.1","EAD0001","ANALISE E EXPRESSAO TEXTUAL","60","-","2014","1"
"1803028","turmas-graduacao","2014.1","EAD0001","ANALISE E EXPRESSAO TEXTUAL","60","-","2014","1"
"1803028","turmas-graduacao","2014.1","EAD0001","ANALISE E EXPRESSAO TEXTUAL","60","-","2014","1"
"1803028","turmas-graduacao","2014.1","EAD0001","ANALISE E EXPRESSAO TEXTUAL","60","-","2014","1"
"1803028","turmas-graduacao","2014.1","EAD0001","ANALISE E EXPRESSAO TEXTUAL","60","-","2014","1"
"1803028","turmas-graduacao","2014.1","EAD0001","ANALISE E EXPRESSAO TEXTUAL","60","-","2014","1"
"1803028","turmas-graduacao","2014.1","EAD0001","ANALISE E EXPRESSAO TEXTUAL","60","-","2014","1"
"1803028","turmas-graduacao","2014.1","EAD0001","ANALISE E EXPRESSAO TEXTUAL","60","-","2014","1"
"1803028","turmas-graduacao","2014.1","EAD0001","ANALISE E EXPRESSAO TEXTUAL","60","-","2014","1"
"2177953","turmas-graduacao","2017.1","EAD0040","LIBRAS","60","-","2017","1"
"2177953","turmas-graduacao","2017.1","EAD0040","LIBRAS","60","-","2017","1"
"2177953","turmas-graduacao","2017.1","EAD0040","LIBRAS","60","-","2017","1"
"2177953","turmas-graduacao","2017.1","EAD0040","LIBRAS","60","-","2017","1"
"2177953","turmas-graduacao","2017.1","EAD0040","LIBRAS","60","-","2017","1"
"2177953","turmas-graduacao","2017.1","EAD0040","LIBRAS","60","-","2017","1"
"2177953","turmas-graduacao","2015.2","EAD0040","LIBRAS","60","-","2015","0"
"2177953","turmas-graduacao","2015.2","EAD0040","LIBRAS","60","-","2015","0"
"2177953","turmas-graduacao","2015.2","EAD0040","LIBRAS","60","-","2015","0"
"2177953","turmas-graduacao","2015.1","EAD0040","LIBRAS","60","-","2015","1"
"2177953","turmas-graduacao","2015.1","EAD0040","LIBRAS","60","-","2015","1"
"2177953","turmas-graduacao","2015.1","EAD0040","LIBRAS","60","-","2015","1"
"1497653","turmas-graduacao","2015.2","EAD0065","ESTATISTICA APLICADA A COMPUTACAO","60","-","2015","0"
"1497653","turmas-graduacao","2015.2","EAD0065","ESTATISTICA APLICADA A COMPUTACAO","60","-","2015","0"
"1497653","turmas-graduacao","2015.2","EAD0065","ESTATISTICA APLICADA A COMPUTACAO","60","-","2015","0"
"1497653","turmas-graduacao","2015.2","EAD0065","ESTATISTICA APLICADA A COMPUTACAO","60","-","2015","0"
"1497653","turmas-graduacao","2015.2","EAD0065","ESTATISTICA APLICADA A COMPUTACAO","60","-","2015","0"
"1497653","turmas-graduacao","2015.2","EAD0065","ESTATISTICA APLICADA A COMPUTACAO","60","-","2015","0"
"1497653","turmas-graduacao","2014.2","EAD0029","ESTATISTICA","60","-","2014","0"
"1497653","turmas-graduacao","2014.2","EAD0029","ESTATISTICA","60","-","2014","0"
"1497653","turmas-graduacao","2014.2","EAD0029","ESTATISTICA","60","-","2014","0"
"1497653","turmas-graduacao","2014.1","EAD0029","ESTATISTICA","60","-","2014","1"
"1497653","turmas-graduacao","2014.1","EAD0029","ESTATISTICA","60","-","2014","1"
"1497653","turmas-graduacao","2014.1","EAD0029","ESTATISTICA","60","-","2014","1"
"1548691","turmas-graduacao","2012.1","EAD0011","PSICOLOGIA E EDUCACAO","60","-","2012","1"
"1548691","turmas-graduacao","2012.1","EAD0011","PSICOLOGIA E EDUCACAO","60","-","2012","1"
"1548691","turmas-graduacao","2012.1","EAD0011","PSICOLOGIA E EDUCACAO","60","-","2012","1"
"1548691","turmas-graduacao","2012.1","EAD0011","PSICOLOGIA E EDUCACAO","60","-","2012","1"
"1548691","turmas-graduacao","2011.2","EAD0011","PSICOLOGIA E EDUCACAO","60","-","2011","0"
"1548691","turmas-graduacao","2011.2","EAD0011","PSICOLOGIA E EDUCACAO","60","-","2011","0"
"1548691","turmas-graduacao","2011.2","EAD0011","PSICOLOGIA E EDUCACAO","60","-","2011","0"
"1548691","turmas-graduacao","2011.2","EAD0011","PSICOLOGIA E EDUCACAO","60","-","2011","0"
"1809354","turmas-graduacao","2017.1","EAD0032","ESTAGIO CURRICULAR SUPERVISIONADO III - ENSINO-APRENDIZAGEM DE MATEMATICA III","90","-","2017","1"
"1809354","turmas-graduacao","2017.1","EAD0032","ESTAGIO CURRICULAR SUPERVISIONADO III - ENSINO-APRENDIZAGEM DE MATEMATICA III","90","-","2017","1"
"1809354","turmas-graduacao","2017.1","EAD0032","ESTAGIO CURRICULAR SUPERVISIONADO III - ENSINO-APRENDIZAGEM DE MATEMATICA III","90","-","2017","1"
"1809354","turmas-graduacao","2017.1","EAD0032","ESTAGIO CURRICULAR SUPERVISIONADO III - ENSINO-APRENDIZAGEM DE MATEMATICA III","90","-","2017","1"
"1809354","turmas-graduacao","2017.1","EAD0037","ESTAGIO CURRICULAR SUPERVISIONADO V - SEMINARIO DE DOCENCIA - TCC","60","-","2017","1"
"1809354","turmas-graduacao","2017.1","EAD0037","ESTAGIO CURRICULAR SUPERVISIONADO V - SEMINARIO DE DOCENCIA - TCC","60","-","2017","1"
"1809354","turmas-graduacao","2015.1","EAD0037","ESTAGIO CURRICULAR SUPERVISIONADO V - SEMINARIO DE DOCENCIA - TCC","60","-","2015","1"
"1809354","turmas-graduacao","2015.1","EAD0037","ESTAGIO CURRICULAR SUPERVISIONADO V - SEMINARIO DE DOCENCIA - TCC","60","-","2015","1"
"1809354","turmas-graduacao","2015.1","EAD0037","ESTAGIO CURRICULAR SUPERVISIONADO V - SEMINARIO DE DOCENCIA - TCC","60","-","2015","1"
"1809354","turmas-graduacao","2012.2","EAD0010","PRATICA DE ENSINO I - LABORATORIO DE ENSINO  APRENDIZAGEM DE MATEMATICA","60","-","2012","0"
"1809354","turmas-graduacao","2012.1","EAD0010","PRATICA DE ENSINO I - LABORATORIO DE ENSINO  APRENDIZAGEM DE MATEMATICA","60","-","2012","1"
"1809354","turmas-graduacao","2012.1","EAD0010","PRATICA DE ENSINO I - LABORATORIO DE ENSINO  APRENDIZAGEM DE MATEMATICA","60","-","2012","1"
"1809354","turmas-graduacao","2012.1","EAD0010","PRATICA DE ENSINO I - LABORATORIO DE ENSINO  APRENDIZAGEM DE MATEMATICA","60","-","2012","1"
"1809354","turmas-graduacao","2012.1","EAD0010","PRATICA DE ENSINO I - LABORATORIO DE ENSINO  APRENDIZAGEM DE MATEMATICA","60","-","2012","1"
"1766388","turmas-graduacao","2013.2","EAD0018","INTRODUCAO À ALGEBRA LINEAR","60","-","2013","0"
"1766388","turmas-graduacao","2013.2","EAD0018","INTRODUCAO À ALGEBRA LINEAR","60","-","2013","0"
"1766388","turmas-graduacao","2013.2","EAD0018","INTRODUCAO À ALGEBRA LINEAR","60","-","2013","0"
"1766388","turmas-graduacao","2013.1","EAD0018","INTRODUCAO À ALGEBRA LINEAR","60","-","2013","1"
"1766388","turmas-graduacao","2013.1","EAD0018","INTRODUCAO À ALGEBRA LINEAR","60","-","2013","1"
"1766388","turmas-graduacao","2013.1","EAD0018","INTRODUCAO À ALGEBRA LINEAR","60","-","2013","1"
"1766388","turmas-graduacao","2012.2","EAD0008","GEOMETRIA EUCLIDIANA II","60","-","2012","0"
"1766388","turmas-graduacao","2012.1","EAD0008","GEOMETRIA EUCLIDIANA II","60","-","2012","1"
"1766388","turmas-graduacao","2012.1","EAD0008","GEOMETRIA EUCLIDIANA II","60","-","2012","1"
"1766388","turmas-graduacao","2012.1","EAD0008","GEOMETRIA EUCLIDIANA II","60","-","2012","1"
"1766388","turmas-graduacao","2012.1","EAD0008","GEOMETRIA EUCLIDIANA II","60","-","2012","1"
"1412720","turmas-graduacao","2017.2","EAD0039","INTRODUCAO AS FUNCOES DE VARIAVEIS COMPLEXA","60","-","2017","0"
"1412720","turmas-graduacao","2017.2","EAD0039","INTRODUCAO AS FUNCOES DE VARIAVEIS COMPLEXA","60","-","2017","0"
"1412720","turmas-graduacao","2017.2","EAD0039","INTRODUCAO AS FUNCOES DE VARIAVEIS COMPLEXA","60","-","2017","0"
"1412720","turmas-graduacao","2017.2","EAD0039","INTRODUCAO AS FUNCOES DE VARIAVEIS COMPLEXA","60","-","2017","0"
"1412720","turmas-graduacao","2017.1","EAD0035","INTRODUCAO A ANALISE REAL","60","-","2017","1"
"1412720","turmas-graduacao","2017.1","EAD0035","INTRODUCAO A ANALISE REAL","60","-","2017","1"
"1412720","turmas-graduacao","2017.1","EAD0035","INTRODUCAO A ANALISE REAL","60","-","2017","1"
"1412720","turmas-graduacao","2017.1","EAD0035","INTRODUCAO A ANALISE REAL","60","-","2017","1"
"1545550","turmas-graduacao","2018.2","EAD0035","INTRODUCAO A ANALISE REAL","60","-","2018","0"
"1545550","turmas-graduacao","2018.2","EAD0035","INTRODUCAO A ANALISE REAL","60","-","2018","0"
"1545550","turmas-graduacao","2018.2","EAD0035","INTRODUCAO A ANALISE REAL","60","-","2018","0"
"1545550","turmas-graduacao","2015.2","EAD0002","GEOMETRIA EUCLIDIANA I","60","-","2015","0"
"1545550","turmas-graduacao","2015.2","EAD0002","GEOMETRIA EUCLIDIANA I","60","-","2015","0"
"1545550","turmas-graduacao","2015.2","EAD0002","GEOMETRIA EUCLIDIANA I","60","-","2015","0"
"1545550","turmas-graduacao","2015.2","EAD0002","GEOMETRIA EUCLIDIANA I","60","-","2015","0"
"1714269","turmas-graduacao","2016.2","EAD0030","FISICA II","60","-","2016","0"
"1714269","turmas-graduacao","2016.2","EAD0030","FISICA II","60","-","2016","0"
"1714269","turmas-graduacao","2016.2","EAD0030","FISICA II","60","-","2016","0"
"1714269","turmas-graduacao","2016.2","EAD0030","FISICA II","60","-","2016","0"
"1714269","turmas-graduacao","2014.2","EAD0030","FISICA II","60","-","2014","0"
"1714269","turmas-graduacao","2014.2","EAD0030","FISICA II","60","-","2014","0"
"1714269","turmas-graduacao","2014.2","EAD0030","FISICA II","60","-","2014","0"
"1714269","turmas-graduacao","2014.1","EAD0030","FISICA II","60","-","2014","1"
"1714269","turmas-graduacao","2014.1","EAD0030","FISICA II","60","-","2014","1"
"1714269","turmas-graduacao","2014.1","EAD0030","FISICA II","60","-","2014","1"
"1806322","turmas-graduacao","2016.2","EAD0037","ESTAGIO CURRICULAR SUPERVISIONADO V - SEMINARIO DE DOCENCIA - TCC","60","-","2016","0"
"1806322","turmas-graduacao","2016.2","EAD0003","MATEMATICA BASICA","60","-","2016","0"
"1806322","turmas-graduacao","2016.2","EAD0003","MATEMATICA BASICA","60","-","2016","0"
"1806322","turmas-graduacao","2013.1","EAD0014","GEOMETRIA ANALITICA","60","-","2013","1"
"1806322","turmas-graduacao","2013.1","EAD0014","GEOMETRIA ANALITICA","60","-","2013","1"
"1806322","turmas-graduacao","2013.1","EAD0014","GEOMETRIA ANALITICA","60","-","2013","1"
"1806322","turmas-graduacao","2012.2","EAD0014","GEOMETRIA ANALITICA","60","-","2012","0"
"1612618","turmas-graduacao","2018.2","EAD0196","TOPICOS FUNDAMENTAIS DE MATEMATICA","60","-","2018","0"
"1612618","turmas-graduacao","2018.2","EAD0196","TOPICOS FUNDAMENTAIS DE MATEMATICA","60","-","2018","0"
"1612618","turmas-graduacao","2018.2","EAD0196","TOPICOS FUNDAMENTAIS DE MATEMATICA","60","-","2018","0"
"1612618","turmas-graduacao","2018.2","EAD0196","TOPICOS FUNDAMENTAIS DE MATEMATICA","60","-","2018","0"
"1612618","turmas-graduacao","2018.2","EAD0196","TOPICOS FUNDAMENTAIS DE MATEMATICA","60","-","2018","0"
"1866964","turmas-graduacao","2018.2","EAD0096","LABORATORIO DE MECANICA CLASSICA","60","-","2018","0"
"1866964","turmas-graduacao","2018.2","EAD0096","LABORATORIO DE MECANICA CLASSICA","60","-","2018","0"
"1866964","turmas-graduacao","2018.2","EAD0096","LABORATORIO DE MECANICA CLASSICA","60","-","2018","0"
"1866964","turmas-graduacao","2018.1","EAD0094","INTRODUCAO A FISICA","60","-","2018","1"
"1866964","turmas-graduacao","2018.1","EAD0094","INTRODUCAO A FISICA","60","-","2018","1"
"1866964","turmas-graduacao","2018.1","EAD0094","INTRODUCAO A FISICA","60","-","2018","1"
"1752076","turmas-graduacao","2017.1","EAD0013","CALCULO II","90","-","2017","1"
"1752076","turmas-graduacao","2017.1","EAD0013","CALCULO II","90","-","2017","1"
"1752076","turmas-graduacao","2017.1","EAD0013","CALCULO II","90","-","2017","1"
"1806860","turmas-graduacao","2018.2","EAD0036","INTRODUCAO AS EQUACOES DIFERENCIAIS ORDINARIAS","60","-","2018","0"
"1806860","turmas-graduacao","2018.2","EAD0036","INTRODUCAO AS EQUACOES DIFERENCIAIS ORDINARIAS","60","-","2018","0"
"1806860","turmas-graduacao","2018.2","EAD0039","INTRODUCAO AS FUNCOES DE VARIAVEIS COMPLEXA","60","-","2018","0"
"1806860","turmas-graduacao","2012.2","EAD0007","CALCULO I","90","-","2012","0"
"1806860","turmas-graduacao","2012.1","EAD0007","CALCULO I","90","-","2012","1"
"1806860","turmas-graduacao","2012.1","EAD0007","CALCULO I","90","-","2012","1"
"1806860","turmas-graduacao","2012.1","EAD0007","CALCULO I","90","-","2012","1"
"1806860","turmas-graduacao","2012.1","EAD0007","CALCULO I","90","-","2012","1"
"1550250","turmas-graduacao","2018.1","EAD0094","INTRODUCAO A FISICA","60","-","2018","1"
"1550250","turmas-graduacao","2018.1","EAD0094","INTRODUCAO A FISICA","60","-","2018","1"
"1550250","turmas-graduacao","2018.1","EAD0094","INTRODUCAO A FISICA","60","-","2018","1"
"1550250","turmas-graduacao","2016.1","EAD0024","FISICA I","60","-","2016","1"
"1550250","turmas-graduacao","2016.1","EAD0024","FISICA I","60","-","2016","1"
"1550250","turmas-graduacao","2016.1","EAD0024","FISICA I","60","-","2016","1"
"1550250","turmas-graduacao","2016.1","EAD0024","FISICA I","60","-","2016","1"
"1545427","turmas-graduacao","2018.2","EAD0095","FISICA E MEIO AMBIENTE","60","-","2018","0"
"1545427","turmas-graduacao","2018.2","EAD0095","FISICA E MEIO AMBIENTE","60","-","2018","0"
"1545427","turmas-graduacao","2018.2","EAD0095","FISICA E MEIO AMBIENTE","60","-","2018","0"
"1979012","turmas-graduacao","2018.2","EAD0154","QUIMICA GERAL I","60","-","2018","0"
"1979012","turmas-graduacao","2018.2","EAD0154","QUIMICA GERAL I","60","-","2018","0"
"1979012","turmas-graduacao","2018.2","EAD0154","QUIMICA GERAL I","60","-","2018","0"
"1979012","turmas-graduacao","2018.1","EAD0154","QUIMICA GERAL I","60","-","2018","1"
"1979012","turmas-graduacao","2018.1","EAD0154","QUIMICA GERAL I","60","-","2018","1"
"1979012","turmas-graduacao","2018.1","EAD0154","QUIMICA GERAL I","60","-","2018","1"
"1042177","turmas-graduacao","2015.2","EAD0039","INTRODUCAO AS FUNCOES DE VARIAVEIS COMPLEXA","60","-","2015","0"
"1042177","turmas-graduacao","2015.2","EAD0039","INTRODUCAO AS FUNCOES DE VARIAVEIS COMPLEXA","60","-","2015","0"
"1042177","turmas-graduacao","2015.2","EAD0039","INTRODUCAO AS FUNCOES DE VARIAVEIS COMPLEXA","60","-","2015","0"
"1042177","turmas-graduacao","2015.1","EAD0039","INTRODUCAO AS FUNCOES DE VARIAVEIS COMPLEXA","60","-","2015","1"
"1042177","turmas-graduacao","2015.1","EAD0039","INTRODUCAO AS FUNCOES DE VARIAVEIS COMPLEXA","60","-","2015","1"
"1042177","turmas-graduacao","2015.1","EAD0039","INTRODUCAO AS FUNCOES DE VARIAVEIS COMPLEXA","60","-","2015","1"
"1805397","turmas-graduacao","2014.1","EAD0024","FISICA I","60","-","2014","1"
"1805397","turmas-graduacao","2014.1","EAD0024","FISICA I","60","-","2014","1"
"1805397","turmas-graduacao","2014.1","EAD0024","FISICA I","60","-","2014","1"
"1805397","turmas-graduacao","2013.2","EAD0024","FISICA I","60","-","2013","0"
"1805397","turmas-graduacao","2013.2","EAD0024","FISICA I","60","-","2013","0"
"1805397","turmas-graduacao","2013.2","EAD0024","FISICA I","60","-","2013","0"
"1766085","turmas-graduacao","2016.1","EAD0025","HISTORIA DA MATEMATICA","60","-","2016","1"
"1766085","turmas-graduacao","2016.1","EAD0025","HISTORIA DA MATEMATICA","60","-","2016","1"
"1766085","turmas-graduacao","2016.1","EAD0025","HISTORIA DA MATEMATICA","60","-","2016","1"
"1766085","turmas-graduacao","2016.1","EAD0025","HISTORIA DA MATEMATICA","60","-","2016","1"
"1766085","turmas-graduacao","2015.2","EAD0048","METODOLOGIA DA PESQUISA CIENTIFICA","60","-","2015","0"
"1766085","turmas-graduacao","2015.2","EAD0048","METODOLOGIA DA PESQUISA CIENTIFICA","60","-","2015","0"
"1766085","turmas-graduacao","2015.2","EAD0048","METODOLOGIA DA PESQUISA CIENTIFICA","60","-","2015","0"
"1766085","turmas-graduacao","2015.1","EAD0048","METODOLOGIA DA PESQUISA CIENTIFICA","60","-","2015","1"
"1766085","turmas-graduacao","2015.1","EAD0048","METODOLOGIA DA PESQUISA CIENTIFICA","60","-","2015","1"
"1766085","turmas-graduacao","2015.1","EAD0048","METODOLOGIA DA PESQUISA CIENTIFICA","60","-","2015","1"
"1766085","turmas-graduacao","2014.3","EAD0003","MATEMATICA BASICA","60","-","2014","3"
"1766085","turmas-graduacao","2014.3","EAD0003","MATEMATICA BASICA","60","-","2014","3"
"1766085","turmas-graduacao","2014.3","EAD0003","MATEMATICA BASICA","60","-","2014","3"
"1766085","turmas-graduacao","2014.3","EAD0003","MATEMATICA BASICA","60","-","2014","3"
"1766085","turmas-graduacao","2014.2","EAD0036","INTRODUCAO AS EQUACOES DIFERENCIAIS ORDINARIAS","60","-","2014","0"
"1766085","turmas-graduacao","2014.2","EAD0036","INTRODUCAO AS EQUACOES DIFERENCIAIS ORDINARIAS","60","-","2014","0"
"1766085","turmas-graduacao","2014.2","EAD0036","INTRODUCAO AS EQUACOES DIFERENCIAIS ORDINARIAS","60","-","2014","0"
"1766085","turmas-graduacao","2014.1","EAD0025","HISTORIA DA MATEMATICA","60","-","2014","1"
"1766085","turmas-graduacao","2014.1","EAD0025","HISTORIA DA MATEMATICA","60","-","2014","1"
"1766085","turmas-graduacao","2014.1","EAD0025","HISTORIA DA MATEMATICA","60","-","2014","1"
"1766085","turmas-graduacao","2013.2","EAD0025","HISTORIA DA MATEMATICA","60","-","2013","0"
"1766085","turmas-graduacao","2013.2","EAD0025","HISTORIA DA MATEMATICA","60","-","2013","0"
"1766085","turmas-graduacao","2013.2","EAD0025","HISTORIA DA MATEMATICA","60","-","2013","0"
"1766085","turmas-graduacao","2013.1","EAD0012","ANALISE COMBINATORIA E PROBABILIDADE","60","-","2013","1"
"1766085","turmas-graduacao","2013.1","EAD0012","ANALISE COMBINATORIA E PROBABILIDADE","60","-","2013","1"
"1766085","turmas-graduacao","2013.1","EAD0012","ANALISE COMBINATORIA E PROBABILIDADE","60","-","2013","1"
"1766085","turmas-graduacao","2012.2","EAD0012","ANALISE COMBINATORIA E PROBABILIDADE","60","-","2012","0"
"1669383","turmas-graduacao","2013.1","EAD0013","CALCULO II","90","-","2013","1"
"1669383","turmas-graduacao","2013.1","EAD0013","CALCULO II","90","-","2013","1"
"1669383","turmas-graduacao","2013.1","EAD0013","CALCULO II","90","-","2013","1"
"1669383","turmas-graduacao","2012.2","EAD0013","CALCULO II","90","-","2012","0"
"1702873","turmas-graduacao","2017.1","EAD0036","INTRODUCAO AS EQUACOES DIFERENCIAIS ORDINARIAS","60","-","2017","1"
"1702873","turmas-graduacao","2017.1","EAD0036","INTRODUCAO AS EQUACOES DIFERENCIAIS ORDINARIAS","60","-","2017","1"
"1702873","turmas-graduacao","2017.1","EAD0036","INTRODUCAO AS EQUACOES DIFERENCIAIS ORDINARIAS","60","-","2017","1"
"1702873","turmas-graduacao","2017.1","EAD0036","INTRODUCAO AS EQUACOES DIFERENCIAIS ORDINARIAS","60","-","2017","1"
"2605644","turmas-graduacao","2016.2","EAD0027","CALCULO NUMERICO","60","-","2016","0"
"2605644","turmas-graduacao","2016.2","EAD0027","CALCULO NUMERICO","60","-","2016","0"
"2605644","turmas-graduacao","2016.2","EAD0027","CALCULO NUMERICO","60","-","2016","0"
"2605644","turmas-graduacao","2015.2","EAD0020","PRATICA DE ENSINO V - DIDATICA DA MATEMATICA","60","-","2015","0"
"2605644","turmas-graduacao","2015.2","EAD0020","PRATICA DE ENSINO V - DIDATICA DA MATEMATICA","60","-","2015","0"
"2605644","turmas-graduacao","2015.2","EAD0020","PRATICA DE ENSINO V - DIDATICA DA MATEMATICA","60","-","2015","0"
"2605644","turmas-graduacao","2015.2","EAD0020","PRATICA DE ENSINO V - DIDATICA DA MATEMATICA","60","-","2015","0"
"2605644","turmas-graduacao","2015.1","EAD0036","INTRODUCAO AS EQUACOES DIFERENCIAIS ORDINARIAS","60","-","2015","1"
"2605644","turmas-graduacao","2015.1","EAD0036","INTRODUCAO AS EQUACOES DIFERENCIAIS ORDINARIAS","60","-","2015","1"
"2605644","turmas-graduacao","2015.1","EAD0036","INTRODUCAO AS EQUACOES DIFERENCIAIS ORDINARIAS","60","-","2015","1"
"2605644","turmas-graduacao","2014.2","EAD0059","MATEMATICA APLICADA À COMPUTACAO I","60","-","2014","0"
"2605644","turmas-graduacao","2014.2","EAD0059","MATEMATICA APLICADA À COMPUTACAO I","60","-","2014","0"
"2605644","turmas-graduacao","2014.2","EAD0059","MATEMATICA APLICADA À COMPUTACAO I","60","-","2014","0"
"2605644","turmas-graduacao","2014.2","EAD0059","MATEMATICA APLICADA À COMPUTACAO I","60","-","2014","0"
"2605644","turmas-graduacao","2014.2","EAD0059","MATEMATICA APLICADA À COMPUTACAO I","60","-","2014","0"
"2605644","turmas-graduacao","2014.2","EAD0059","MATEMATICA APLICADA À COMPUTACAO I","60","-","2014","0"
"1447536","turmas-graduacao","2016.1","EAD0022","CALCULO III","90","-","2016","1"
"1447536","turmas-graduacao","2016.1","EAD0022","CALCULO III","90","-","2016","1"
"1447536","turmas-graduacao","2016.1","EAD0022","CALCULO III","90","-","2016","1"
"1447536","turmas-graduacao","2015.3","EAD0035","INTRODUCAO A ANALISE REAL","60","-","2015","3"
"1447536","turmas-graduacao","2015.3","EAD0035","INTRODUCAO A ANALISE REAL","60","-","2015","3"
"1447536","turmas-graduacao","2015.3","EAD0035","INTRODUCAO A ANALISE REAL","60","-","2015","3"
"1447536","turmas-graduacao","2015.2","EAD0018","INTRODUCAO À ALGEBRA LINEAR","60","-","2015","0"
"1447536","turmas-graduacao","2015.2","EAD0018","INTRODUCAO À ALGEBRA LINEAR","60","-","2015","0"
"1447536","turmas-graduacao","2015.2","EAD0018","INTRODUCAO À ALGEBRA LINEAR","60","-","2015","0"
"1447536","turmas-graduacao","2015.2","EAD0018","INTRODUCAO À ALGEBRA LINEAR","60","-","2015","0"
"1447536","turmas-graduacao","2015.1","EAD0014","GEOMETRIA ANALITICA","60","-","2015","1"
"1447536","turmas-graduacao","2015.1","EAD0014","GEOMETRIA ANALITICA","60","-","2015","1"
"1447536","turmas-graduacao","2015.1","EAD0014","GEOMETRIA ANALITICA","60","-","2015","1"
"1447536","turmas-graduacao","2015.1","EAD0014","GEOMETRIA ANALITICA","60","-","2015","1"
"1447536","turmas-graduacao","2014.2","EAD0008","GEOMETRIA EUCLIDIANA II","60","-","2014","0"
"1447536","turmas-graduacao","2014.2","EAD0008","GEOMETRIA EUCLIDIANA II","60","-","2014","0"
"1447536","turmas-graduacao","2014.2","EAD0008","GEOMETRIA EUCLIDIANA II","60","-","2014","0"
"1447536","turmas-graduacao","2014.2","EAD0008","GEOMETRIA EUCLIDIANA II","60","-","2014","0"
"1447536","turmas-graduacao","2014.1","EAD0002","GEOMETRIA EUCLIDIANA I","60","-","2014","1"
"1447536","turmas-graduacao","2014.1","EAD0002","GEOMETRIA EUCLIDIANA I","60","-","2014","1"
"1447536","turmas-graduacao","2014.1","EAD0002","GEOMETRIA EUCLIDIANA I","60","-","2014","1"
"1447536","turmas-graduacao","2014.1","EAD0002","GEOMETRIA EUCLIDIANA I","60","-","2014","1"
"1447536","turmas-graduacao","2012.1","EAD0002","GEOMETRIA EUCLIDIANA I","60","-","2012","1"
"1447536","turmas-graduacao","2012.1","EAD0002","GEOMETRIA EUCLIDIANA I","60","-","2012","1"
"1447536","turmas-graduacao","2012.1","EAD0002","GEOMETRIA EUCLIDIANA I","60","-","2012","1"
"1447536","turmas-graduacao","2012.1","EAD0002","GEOMETRIA EUCLIDIANA I","60","-","2012","1"
"1447536","turmas-graduacao","2011.2","EAD0002","GEOMETRIA EUCLIDIANA I","60","-","2011","0"
"1447536","turmas-graduacao","2011.2","EAD0002","GEOMETRIA EUCLIDIANA I","60","-","2011","0"
"1447536","turmas-graduacao","2011.2","EAD0002","GEOMETRIA EUCLIDIANA I","60","-","2011","0"
"1447536","turmas-graduacao","2011.2","EAD0002","GEOMETRIA EUCLIDIANA I","60","-","2011","0"
"1526099","turmas-graduacao","2018.1","EAD0035","INTRODUCAO A ANALISE REAL","60","-","2018","1"
"1526099","turmas-graduacao","2018.1","EAD0035","INTRODUCAO A ANALISE REAL","60","-","2018","1"
"1526099","turmas-graduacao","2018.1","EAD0035","INTRODUCAO A ANALISE REAL","60","-","2018","1"
"1669428","turmas-graduacao","2018.2","EAD0158","FISICA APLICADA À QUIMICA I","60","-","2018","0"
"1669428","turmas-graduacao","2018.2","EAD0158","FISICA APLICADA À QUIMICA I","60","-","2018","0"
"1669428","turmas-graduacao","2018.2","EAD0158","FISICA APLICADA À QUIMICA I","60","-","2018","0"
"1669428","turmas-graduacao","2017.1","EAD0024","FISICA I","60","-","2017","1"
"1669428","turmas-graduacao","2017.1","EAD0024","FISICA I","60","-","2017","1"
"1669428","turmas-graduacao","2017.1","EAD0024","FISICA I","60","-","2017","1"
"1669428","turmas-graduacao","2017.1","EAD0024","FISICA I","60","-","2017","1"
"1734818","turmas-graduacao","2016.2","EAD0007","CALCULO I","90","-","2016","0"
"1734818","turmas-graduacao","2016.2","EAD0007","CALCULO I","90","-","2016","0"
"1734818","turmas-graduacao","2016.2","EAD0007","CALCULO I","90","-","2016","0"
"1734818","turmas-graduacao","2013.2","EAD0022","CALCULO III","90","-","2013","0"
"1734818","turmas-graduacao","2013.2","EAD0022","CALCULO III","90","-","2013","0"
"1734818","turmas-graduacao","2013.2","EAD0022","CALCULO III","90","-","2013","0"
"1706632","turmas-graduacao","2016.2","EAD0031","TEORIA DOS NÚMEROS","60","-","2016","0"
"1706632","turmas-graduacao","2016.2","EAD0031","TEORIA DOS NÚMEROS","60","-","2016","0"
"1706632","turmas-graduacao","2016.2","EAD0031","TEORIA DOS NÚMEROS","60","-","2016","0"
"1706632","turmas-graduacao","2016.2","EAD0031","TEORIA DOS NÚMEROS","60","-","2016","0"
"1706632","turmas-graduacao","2015.1","EAD0013","CALCULO II","90","-","2015","1"
"1706632","turmas-graduacao","2015.1","EAD0013","CALCULO II","90","-","2015","1"
"1706632","turmas-graduacao","2015.1","EAD0013","CALCULO II","90","-","2015","1"
"1706632","turmas-graduacao","2015.1","EAD0013","CALCULO II","90","-","2015","1"
"1531432","turmas-graduacao","2016.2","EAD0013","CALCULO II","90","-","2016","0"
"1531432","turmas-graduacao","2016.2","EAD0013","CALCULO II","90","-","2016","0"
"1531432","turmas-graduacao","2016.2","EAD0013","CALCULO II","90","-","2016","0"
"1531432","turmas-graduacao","2016.2","EAD0013","CALCULO II","90","-","2016","0"
"1531432","turmas-graduacao","2016.1","EAD0018","INTRODUCAO À ALGEBRA LINEAR","60","-","2016","1"
"1531432","turmas-graduacao","2016.1","EAD0018","INTRODUCAO À ALGEBRA LINEAR","60","-","2016","1"
"1531432","turmas-graduacao","2016.1","EAD0018","INTRODUCAO À ALGEBRA LINEAR","60","-","2016","1"
"1531432","turmas-graduacao","2015.3","EAD0013","CALCULO II","90","-","2015","3"
"1531432","turmas-graduacao","2015.3","EAD0013","CALCULO II","90","-","2015","3"
"1531432","turmas-graduacao","2015.3","EAD0013","CALCULO II","90","-","2015","3"
"1531432","turmas-graduacao","2015.3","EAD0013","CALCULO II","90","-","2015","3"
"1506753","turmas-graduacao","2017.2","EAD0038","INTRODUCAO À ALGEBRA ABSTRATA","60","-","2017","0"
"1506753","turmas-graduacao","2017.2","EAD0038","INTRODUCAO À ALGEBRA ABSTRATA","60","-","2017","0"
"1506753","turmas-graduacao","2017.2","EAD0038","INTRODUCAO À ALGEBRA ABSTRATA","60","-","2017","0"
"1506753","turmas-graduacao","2017.2","EAD0038","INTRODUCAO À ALGEBRA ABSTRATA","60","-","2017","0"
"1506753","turmas-graduacao","2016.2","EAD0028","ESTAGIO CURRICULAR SUPERVISIONADO II - ENSINO-APRENDIZAGEM DE MATEMATICA II","90","-","2016","0"
"1506753","turmas-graduacao","2016.2","EAD0028","ESTAGIO CURRICULAR SUPERVISIONADO II - ENSINO-APRENDIZAGEM DE MATEMATICA II","90","-","2016","0"
"1506753","turmas-graduacao","2016.2","EAD0028","ESTAGIO CURRICULAR SUPERVISIONADO II - ENSINO-APRENDIZAGEM DE MATEMATICA II","90","-","2016","0"
"1506753","turmas-graduacao","2016.2","EAD0028","ESTAGIO CURRICULAR SUPERVISIONADO II - ENSINO-APRENDIZAGEM DE MATEMATICA II","90","-","2016","0"
"1506753","turmas-graduacao","2015.2","EAD0038","INTRODUCAO À ALGEBRA ABSTRATA","60","-","2015","0"
"1506753","turmas-graduacao","2015.2","EAD0038","INTRODUCAO À ALGEBRA ABSTRATA","60","-","2015","0"
"1506753","turmas-graduacao","2015.2","EAD0038","INTRODUCAO À ALGEBRA ABSTRATA","60","-","2015","0"
"1506753","turmas-graduacao","2015.1","EAD0038","INTRODUCAO À ALGEBRA ABSTRATA","60","-","2015","1"
"1506753","turmas-graduacao","2015.1","EAD0038","INTRODUCAO À ALGEBRA ABSTRATA","60","-","2015","1"
"1506753","turmas-graduacao","2015.1","EAD0038","INTRODUCAO À ALGEBRA ABSTRATA","60","-","2015","1"
"1506753","turmas-graduacao","2014.2","EAD0010","PRATICA DE ENSINO I - LABORATORIO DE ENSINO  APRENDIZAGEM DE MATEMATICA","60","-","2014","0"
"1506753","turmas-graduacao","2014.2","EAD0010","PRATICA DE ENSINO I - LABORATORIO DE ENSINO  APRENDIZAGEM DE MATEMATICA","60","-","2014","0"
"1506753","turmas-graduacao","2014.2","EAD0010","PRATICA DE ENSINO I - LABORATORIO DE ENSINO  APRENDIZAGEM DE MATEMATICA","60","-","2014","0"
"1506753","turmas-graduacao","2014.2","EAD0010","PRATICA DE ENSINO I - LABORATORIO DE ENSINO  APRENDIZAGEM DE MATEMATICA","60","-","2014","0"
"1062017","turmas-graduacao","2018.2","EAD0155","QUIMICA GERAL II","60","-","2018","0"
"1062017","turmas-graduacao","2018.2","EAD0155","QUIMICA GERAL II","60","-","2018","0"
"1062017","turmas-graduacao","2018.2","EAD0155","QUIMICA GERAL II","60","-","2018","0"
"2889730","turmas-graduacao","2018.2","EAD0156","LABORATORIO DE QUIMICA GERAL","60","-","2018","0"
"2889730","turmas-graduacao","2018.2","EAD0156","LABORATORIO DE QUIMICA GERAL","60","-","2018","0"
"2889730","turmas-graduacao","2018.2","EAD0156","LABORATORIO DE QUIMICA GERAL","60","-","2018","0"
"1669549","turmas-graduacao","2018.1","EAD0154","QUIMICA GERAL I","60","-","2018","1"
"1669549","turmas-graduacao","2018.1","EAD0154","QUIMICA GERAL I","60","-","2018","1"
"1669549","turmas-graduacao","2018.1","EAD0154","QUIMICA GERAL I","60","-","2018","1"
"1225990","turmas-graduacao","2018.2","EAD0221","LINGUAGEM DE PROGRAMACAO ORIENTADA A OBJETOS I","60","-","2018","0"
"1225990","turmas-graduacao","2018.2","EAD0221","LINGUAGEM DE PROGRAMACAO ORIENTADA A OBJETOS I","60","-","2018","0"
"1225990","turmas-graduacao","2018.2","EAD0221","LINGUAGEM DE PROGRAMACAO ORIENTADA A OBJETOS I","60","-","2018","0"
"1225990","turmas-graduacao","2018.2","EAD0221","LINGUAGEM DE PROGRAMACAO ORIENTADA A OBJETOS I","60","-","2018","0"
"1225990","turmas-graduacao","2018.2","EAD0221","LINGUAGEM DE PROGRAMACAO ORIENTADA A OBJETOS I","60","-","2018","0"
"1225990","turmas-graduacao","2018.1","EAD0056","INTRODUCAO A COMPUTACAO","60","-","2018","1"
"1225990","turmas-graduacao","2018.1","EAD0056","INTRODUCAO A COMPUTACAO","60","-","2018","1"
"1225990","turmas-graduacao","2018.1","EAD0056","INTRODUCAO A COMPUTACAO","60","-","2018","1"
"1225990","turmas-graduacao","2018.1","EAD0056","INTRODUCAO A COMPUTACAO","60","-","2018","1"
"1225990","turmas-graduacao","2018.1","EAD0056","INTRODUCAO A COMPUTACAO","60","-","2018","1"
"1225990","turmas-graduacao","2018.1","EAD0056","INTRODUCAO A COMPUTACAO","60","-","2018","1"
"1225990","turmas-graduacao","2018.1","EAD0056","INTRODUCAO A COMPUTACAO","60","-","2018","1"
"1225990","turmas-graduacao","2017.2","EAD0075","ANALISE E PROJETO DE SISTEMAS","60","-","2017","0"
"1225990","turmas-graduacao","2017.2","EAD0075","ANALISE E PROJETO DE SISTEMAS","60","-","2017","0"
"1225990","turmas-graduacao","2017.2","EAD0075","ANALISE E PROJETO DE SISTEMAS","60","-","2017","0"
"1225990","turmas-graduacao","2017.2","EAD0075","ANALISE E PROJETO DE SISTEMAS","60","-","2017","0"
"1225990","turmas-graduacao","2017.2","EAD0075","ANALISE E PROJETO DE SISTEMAS","60","-","2017","0"
"1225990","turmas-graduacao","2017.2","EAD0075","ANALISE E PROJETO DE SISTEMAS","60","-","2017","0"
"1225990","turmas-graduacao","2017.1","EAD0066","LINGUAGEM DE PROGRAMACAO II","60","-","2017","1"
"1225990","turmas-graduacao","2017.1","EAD0066","LINGUAGEM DE PROGRAMACAO II","60","-","2017","1"
"1225990","turmas-graduacao","2017.1","EAD0066","LINGUAGEM DE PROGRAMACAO II","60","-","2017","1"
"1566547","turmas-graduacao","2018.2","EAD0100","MECANICA CLASSICA","60","-","2018","0"
"1566547","turmas-graduacao","2018.2","EAD0100","MECANICA CLASSICA","60","-","2018","0"
"1566547","turmas-graduacao","2018.2","EAD0100","MECANICA CLASSICA","60","-","2018","0"
"1566547","turmas-graduacao","2018.1","EAD0024","FISICA I","60","-","2018","1"
"1566547","turmas-graduacao","2018.1","EAD0024","FISICA I","60","-","2018","1"
"1566547","turmas-graduacao","2018.1","EAD0030","FISICA II","60","-","2018","1"
"1566547","turmas-graduacao","2018.1","EAD0030","FISICA II","60","-","2018","1"
"1566547","turmas-graduacao","2018.1","EAD0030","FISICA II","60","-","2018","1"
"1238040","turmas-graduacao","2018.2","EAD0157","CALCULO APLICADO À QUIMICA","60","-","2018","0"
"1238040","turmas-graduacao","2018.2","EAD0157","CALCULO APLICADO À QUIMICA","60","-","2018","0"
"1238040","turmas-graduacao","2018.2","EAD0157","CALCULO APLICADO À QUIMICA","60","-","2018","0"
"1292448","turmas-graduacao","2018.1","EAD0026","INFORMATICA BASICA","60","-","2018","1"
"1292448","turmas-graduacao","2018.1","EAD0026","INFORMATICA BASICA","60","-","2018","1"
"1292448","turmas-graduacao","2018.1","EAD0026","INFORMATICA BASICA","60","-","2018","1"
"1292448","turmas-graduacao","2018.1","EAD0026","INFORMATICA BASICA","60","-","2018","1"
"1292448","turmas-graduacao","2018.1","EAD0026","INFORMATICA BASICA","60","-","2018","1"
"1292448","turmas-graduacao","2018.1","EAD0026","INFORMATICA BASICA","60","-","2018","1"
"1714448","turmas-graduacao","2013.1","EAD0020","PRATICA DE ENSINO V - DIDATICA DA MATEMATICA","60","-","2013","1"
"1714448","turmas-graduacao","2013.1","EAD0020","PRATICA DE ENSINO V - DIDATICA DA MATEMATICA","60","-","2013","1"
"1714448","turmas-graduacao","2013.1","EAD0020","PRATICA DE ENSINO V - DIDATICA DA MATEMATICA","60","-","2013","1"
"1245044","turmas-graduacao","2018.2","EAD0220","HISTORIA, EDUCACAO E COMPUTACAO","60","-","2018","0"
"1245044","turmas-graduacao","2018.2","EAD0220","HISTORIA, EDUCACAO E COMPUTACAO","60","-","2018","0"
"1245044","turmas-graduacao","2018.2","EAD0220","HISTORIA, EDUCACAO E COMPUTACAO","60","-","2018","0"
"1245044","turmas-graduacao","2018.2","EAD0220","HISTORIA, EDUCACAO E COMPUTACAO","60","-","2018","0"
"1245044","turmas-graduacao","2018.2","EAD0220","HISTORIA, EDUCACAO E COMPUTACAO","60","-","2018","0"
"2355270","turmas-graduacao","2018.2","EAD0097","GEOMETRIA ANALITICA E ALGEBRA LINEAR","60","-","2018","0"
"2355270","turmas-graduacao","2018.2","EAD0097","GEOMETRIA ANALITICA E ALGEBRA LINEAR","60","-","2018","0"
"2355270","turmas-graduacao","2018.2","EAD0097","GEOMETRIA ANALITICA E ALGEBRA LINEAR","60","-","2018","0"
"2355270","turmas-graduacao","2018.1","EAD0036","INTRODUCAO AS EQUACOES DIFERENCIAIS ORDINARIAS","60","-","2018","1"
"2355270","turmas-graduacao","2018.1","EAD0036","INTRODUCAO AS EQUACOES DIFERENCIAIS ORDINARIAS","60","-","2018","1"
"2355270","turmas-graduacao","2018.1","EAD0036","INTRODUCAO AS EQUACOES DIFERENCIAIS ORDINARIAS","60","-","2018","1"
"2355270","turmas-graduacao","2018.1","EAD0036","INTRODUCAO AS EQUACOES DIFERENCIAIS ORDINARIAS","60","-","2018","1"
"1859924","turmas-graduacao","2015.1","EAD0012","ANALISE COMBINATORIA E PROBABILIDADE","60","-","2015","1"
"1859924","turmas-graduacao","2015.1","EAD0012","ANALISE COMBINATORIA E PROBABILIDADE","60","-","2015","1"
"1859924","turmas-graduacao","2015.1","EAD0012","ANALISE COMBINATORIA E PROBABILIDADE","60","-","2015","1"
"1859924","turmas-graduacao","2015.1","EAD0012","ANALISE COMBINATORIA E PROBABILIDADE","60","-","2015","1"
"1940164","turmas-graduacao","2017.2","EAD0031","TEORIA DOS NÚMEROS","60","-","2017","0"
"1940164","turmas-graduacao","2017.2","EAD0031","TEORIA DOS NÚMEROS","60","-","2017","0"
"1940164","turmas-graduacao","2017.2","EAD0031","TEORIA DOS NÚMEROS","60","-","2017","0"
"1940164","turmas-graduacao","2014.2","EAD0031","TEORIA DOS NÚMEROS","60","-","2014","0"
"1940164","turmas-graduacao","2014.2","EAD0031","TEORIA DOS NÚMEROS","60","-","2014","0"
"1940164","turmas-graduacao","2014.2","EAD0031","TEORIA DOS NÚMEROS","60","-","2014","0"
"1940164","turmas-graduacao","2014.1","EAD0031","TEORIA DOS NÚMEROS","60","-","2014","1"
"1940164","turmas-graduacao","2014.1","EAD0031","TEORIA DOS NÚMEROS","60","-","2014","1"
"1940164","turmas-graduacao","2014.1","EAD0031","TEORIA DOS NÚMEROS","60","-","2014","1"
"1991874","turmas-graduacao","2014.2","EAD0007","CALCULO I","90","-","2014","0"
"1991874","turmas-graduacao","2014.2","EAD0007","CALCULO I","90","-","2014","0"
"1991874","turmas-graduacao","2014.2","EAD0007","CALCULO I","90","-","2014","0"
"1991874","turmas-graduacao","2014.2","EAD0007","CALCULO I","90","-","2014","0"
"1991874","turmas-graduacao","2014.1","EAD0022","CALCULO III","90","-","2014","1"
"1991874","turmas-graduacao","2014.1","EAD0022","CALCULO III","90","-","2014","1"
"1991874","turmas-graduacao","2014.1","EAD0022","CALCULO III","90","-","2014","1"
"1913549","turmas-graduacao","2018.1","EAD0029","ESTATISTICA","60","-","2018","1"
"1913549","turmas-graduacao","2018.1","EAD0029","ESTATISTICA","60","-","2018","1"
"1913549","turmas-graduacao","2018.1","EAD0029","ESTATISTICA","60","-","2018","1"
"1913549","turmas-graduacao","2018.1","EAD0065","ESTATISTICA APLICADA A COMPUTACAO","60","-","2018","1"
"1913549","turmas-graduacao","2018.1","EAD0065","ESTATISTICA APLICADA A COMPUTACAO","60","-","2018","1"
"1913549","turmas-graduacao","2018.1","EAD0065","ESTATISTICA APLICADA A COMPUTACAO","60","-","2018","1"
"1913549","turmas-graduacao","2018.1","EAD0065","ESTATISTICA APLICADA A COMPUTACAO","60","-","2018","1"
"1913549","turmas-graduacao","2018.1","EAD0065","ESTATISTICA APLICADA A COMPUTACAO","60","-","2018","1"
"1913549","turmas-graduacao","2016.2","EAD0029","ESTATISTICA","60","-","2016","0"
"1913549","turmas-graduacao","2016.2","EAD0029","ESTATISTICA","60","-","2016","0"
"1913549","turmas-graduacao","2016.2","EAD0029","ESTATISTICA","60","-","2016","0"
"1913549","turmas-graduacao","2016.2","EAD0029","ESTATISTICA","60","-","2016","0"
"1913549","turmas-graduacao","2015.2","EAD0019","MATEMATICA FINANCEIRA","60","-","2015","0"
"1913549","turmas-graduacao","2015.2","EAD0019","MATEMATICA FINANCEIRA","60","-","2015","0"
"1913549","turmas-graduacao","2015.2","EAD0019","MATEMATICA FINANCEIRA","60","-","2015","0"
"1913549","turmas-graduacao","2015.2","EAD0019","MATEMATICA FINANCEIRA","60","-","2015","0"
"1992265","turmas-graduacao","2017.2","EAD0030","FISICA II","60","-","2017","0"
"1992265","turmas-graduacao","2017.2","EAD0030","FISICA II","60","-","2017","0"
"1992265","turmas-graduacao","2017.2","EAD0030","FISICA II","60","-","2017","0"
"1992265","turmas-graduacao","2017.2","EAD0030","FISICA II","60","-","2017","0"
"2355526","turmas-graduacao","2018.2","EAD0106","DIDATICA I","75","-","2018","0"
"2355526","turmas-graduacao","2018.2","EAD0106","DIDATICA I","75","-","2018","0"
"2355526","turmas-graduacao","2018.2","EAD0106","DIDATICA I","75","-","2018","0"
"2355526","turmas-graduacao","2018.2","EAD0106","DIDATICA I","75","-","2018","0"
"2355526","turmas-graduacao","2018.2","EAD0106","DIDATICA I","75","-","2018","0"
"2355526","turmas-graduacao","2018.2","EAD0106","DIDATICA I","75","-","2018","0"
"2355526","turmas-graduacao","2018.2","EAD0106","DIDATICA I","75","-","2018","0"
"2355526","turmas-graduacao","2018.2","EAD0106","DIDATICA I","75","-","2018","0"
"1802639","turmas-graduacao","2016.2","EAD0079","EMPREENDEDORISMO","60","-","2016","0"
"1802639","turmas-graduacao","2016.2","EAD0079","EMPREENDEDORISMO","60","-","2016","0"
"1802639","turmas-graduacao","2016.2","EAD0079","EMPREENDEDORISMO","60","-","2016","0"
"1802639","turmas-graduacao","2016.2","EAD0079","EMPREENDEDORISMO","60","-","2016","0"
"1802639","turmas-graduacao","2016.2","EAD0079","EMPREENDEDORISMO","60","-","2016","0"
"1802639","turmas-graduacao","2016.2","EAD0079","EMPREENDEDORISMO","60","-","2016","0"
"1802639","turmas-graduacao","2015.1","EAD0062","ALGORITMOS E ESTRUTURAS DE DADOS II","60","-","2015","1"
"1802639","turmas-graduacao","2015.1","EAD0062","ALGORITMOS E ESTRUTURAS DE DADOS II","60","-","2015","1"
"1802639","turmas-graduacao","2015.1","EAD0062","ALGORITMOS E ESTRUTURAS DE DADOS II","60","-","2015","1"
"1802639","turmas-graduacao","2015.1","EAD0062","ALGORITMOS E ESTRUTURAS DE DADOS II","60","-","2015","1"
"1802639","turmas-graduacao","2015.1","EAD0062","ALGORITMOS E ESTRUTURAS DE DADOS II","60","-","2015","1"
"1802639","turmas-graduacao","2015.1","EAD0062","ALGORITMOS E ESTRUTURAS DE DADOS II","60","-","2015","1"
"1802639","turmas-graduacao","2014.3","EAD0056","INTRODUCAO A COMPUTACAO","60","-","2014","3"
"1802639","turmas-graduacao","2014.3","EAD0056","INTRODUCAO A COMPUTACAO","60","-","2014","3"
"1802639","turmas-graduacao","2014.3","EAD0056","INTRODUCAO A COMPUTACAO","60","-","2014","3"
"1802639","turmas-graduacao","2014.3","EAD0056","INTRODUCAO A COMPUTACAO","60","-","2014","3"
"1802639","turmas-graduacao","2014.3","EAD0056","INTRODUCAO A COMPUTACAO","60","-","2014","3"
"1802639","turmas-graduacao","2014.2","EAD0058","ALGORITMOS E ESTRUTURAS DE DADOS I","60","-","2014","0"
"1802639","turmas-graduacao","2014.2","EAD0058","ALGORITMOS E ESTRUTURAS DE DADOS I","60","-","2014","0"
"1802639","turmas-graduacao","2014.2","EAD0058","ALGORITMOS E ESTRUTURAS DE DADOS I","60","-","2014","0"
"1802639","turmas-graduacao","2014.2","EAD0058","ALGORITMOS E ESTRUTURAS DE DADOS I","60","-","2014","0"
"1802639","turmas-graduacao","2014.2","EAD0058","ALGORITMOS E ESTRUTURAS DE DADOS I","60","-","2014","0"
"1802639","turmas-graduacao","2014.2","EAD0058","ALGORITMOS E ESTRUTURAS DE DADOS I","60","-","2014","0"
"2996746","turmas-graduacao","2018.2","EAD0073","MATEMATICA DISCRETA","60","-","2018","0"
"2996746","turmas-graduacao","2018.2","EAD0073","MATEMATICA DISCRETA","60","-","2018","0"
"2996746","turmas-graduacao","2018.2","EAD0073","MATEMATICA DISCRETA","60","-","2018","0"
"2996746","turmas-graduacao","2018.2","EAD0073","MATEMATICA DISCRETA","60","-","2018","0"
"2996746","turmas-graduacao","2018.2","EAD0073","MATEMATICA DISCRETA","60","-","2018","0"
"2996746","turmas-graduacao","2018.2","EAD0073","MATEMATICA DISCRETA","60","-","2018","0"
"2996746","turmas-graduacao","2018.2","EAD0073","MATEMATICA DISCRETA","60","-","2018","0"
"2996746","turmas-graduacao","2018.1","EAD0002","GEOMETRIA EUCLIDIANA I","60","-","2018","1"
"2996746","turmas-graduacao","2018.1","EAD0002","GEOMETRIA EUCLIDIANA I","60","-","2018","1"
"2996746","turmas-graduacao","2018.1","EAD0002","GEOMETRIA EUCLIDIANA I","60","-","2018","1"
"2996746","turmas-graduacao","2018.1","EAD0002","GEOMETRIA EUCLIDIANA I","60","-","2018","1"
"2996746","turmas-graduacao","2018.1","EAD0002","GEOMETRIA EUCLIDIANA I","60","-","2018","1"
"1772516","turmas-graduacao","2015.1","EAD0011","PSICOLOGIA E EDUCACAO","60","-","2015","1"
"1772516","turmas-graduacao","2015.1","EAD0011","PSICOLOGIA E EDUCACAO","60","-","2015","1"
"1772516","turmas-graduacao","2015.1","EAD0011","PSICOLOGIA E EDUCACAO","60","-","2015","1"
"1772516","turmas-graduacao","2015.1","EAD0011","PSICOLOGIA E EDUCACAO","60","-","2015","1"
"1772516","turmas-graduacao","2015.1","EAD0011","PSICOLOGIA E EDUCACAO","60","-","2015","1"
"1772516","turmas-graduacao","2015.1","EAD0011","PSICOLOGIA E EDUCACAO","60","-","2015","1"
"1772516","turmas-graduacao","2014.1","EAD0011","PSICOLOGIA E EDUCACAO","60","-","2014","1"
"1772516","turmas-graduacao","2014.1","EAD0011","PSICOLOGIA E EDUCACAO","60","-","2014","1"
"1772516","turmas-graduacao","2014.1","EAD0011","PSICOLOGIA E EDUCACAO","60","-","2014","1"
"1772516","turmas-graduacao","2014.1","EAD0011","PSICOLOGIA E EDUCACAO","60","-","2014","1"
"1529267","turmas-graduacao","2018.2","EAD0037","ESTAGIO CURRICULAR SUPERVISIONADO V - SEMINARIO DE DOCENCIA - TCC","60","-","2018","0"
"1529267","turmas-graduacao","2018.2","EAD0037","ESTAGIO CURRICULAR SUPERVISIONADO V - SEMINARIO DE DOCENCIA - TCC","60","-","2018","0"
"1529267","turmas-graduacao","2017.1","EAD0006","SOCIOLOGIA E EDUCACAO","60","-","2017","1"
"1529267","turmas-graduacao","2017.1","EAD0006","SOCIOLOGIA E EDUCACAO","60","-","2017","1"
"1529267","turmas-graduacao","2017.1","EAD0006","SOCIOLOGIA E EDUCACAO","60","-","2017","1"
"1529267","turmas-graduacao","2017.1","EAD0006","SOCIOLOGIA E EDUCACAO","60","-","2017","1"
"1529267","turmas-graduacao","2017.1","EAD0006","SOCIOLOGIA E EDUCACAO","60","-","2017","1"
"1529267","turmas-graduacao","2017.1","EAD0006","SOCIOLOGIA E EDUCACAO","60","-","2017","1"
"1815470","turmas-graduacao","2014.2","EAD0009","PRATICA DE ENSINO II - POLITICAS, ESTRUTURA E GESTAO DA EDUCACAO BASICA","60","-","2014","0"
"1815470","turmas-graduacao","2014.2","EAD0009","PRATICA DE ENSINO II - POLITICAS, ESTRUTURA E GESTAO DA EDUCACAO BASICA","60","-","2014","0"
"1815470","turmas-graduacao","2014.2","EAD0009","PRATICA DE ENSINO II - POLITICAS, ESTRUTURA E GESTAO DA EDUCACAO BASICA","60","-","2014","0"
"1815470","turmas-graduacao","2014.2","EAD0009","PRATICA DE ENSINO II - POLITICAS, ESTRUTURA E GESTAO DA EDUCACAO BASICA","60","-","2014","0"
"1815470","turmas-graduacao","2014.2","EAD0009","PRATICA DE ENSINO II - POLITICAS, ESTRUTURA E GESTAO DA EDUCACAO BASICA","60","-","2014","0"
"1815470","turmas-graduacao","2014.2","EAD0009","PRATICA DE ENSINO II - POLITICAS, ESTRUTURA E GESTAO DA EDUCACAO BASICA","60","-","2014","0"
"1815470","turmas-graduacao","2014.2","EAD0009","PRATICA DE ENSINO II - POLITICAS, ESTRUTURA E GESTAO DA EDUCACAO BASICA","60","-","2014","0"
"1815470","turmas-graduacao","2014.2","EAD0009","PRATICA DE ENSINO II - POLITICAS, ESTRUTURA E GESTAO DA EDUCACAO BASICA","60","-","2014","0"
"1815470","turmas-graduacao","2014.2","EAD0009","PRATICA DE ENSINO II - POLITICAS, ESTRUTURA E GESTAO DA EDUCACAO BASICA","60","-","2014","0"
"1815470","turmas-graduacao","2014.2","EAD0009","PRATICA DE ENSINO II - POLITICAS, ESTRUTURA E GESTAO DA EDUCACAO BASICA","60","-","2014","0"
"1815470","turmas-graduacao","2013.2","EAD0021","PRATICA DE ENSINO VI- EDUCACAO ESPECIAL E INCLUSAO","60","-","2013","0"
"1815470","turmas-graduacao","2013.2","EAD0021","PRATICA DE ENSINO VI- EDUCACAO ESPECIAL E INCLUSAO","60","-","2013","0"
"1815470","turmas-graduacao","2013.2","EAD0021","PRATICA DE ENSINO VI- EDUCACAO ESPECIAL E INCLUSAO","60","-","2013","0"
"1815470","turmas-graduacao","2013.1","EAD0021","PRATICA DE ENSINO VI- EDUCACAO ESPECIAL E INCLUSAO","60","-","2013","1"
"1815470","turmas-graduacao","2013.1","EAD0021","PRATICA DE ENSINO VI- EDUCACAO ESPECIAL E INCLUSAO","60","-","2013","1"
"1815470","turmas-graduacao","2013.1","EAD0021","PRATICA DE ENSINO VI- EDUCACAO ESPECIAL E INCLUSAO","60","-","2013","1"
"1815470","turmas-graduacao","2012.2","EAD0009","PRATICA DE ENSINO II - POLITICAS, ESTRUTURA E GESTAO DA EDUCACAO BASICA","60","-","2012","0"
"1815470","turmas-graduacao","2012.1","EAD0009","PRATICA DE ENSINO II - POLITICAS, ESTRUTURA E GESTAO DA EDUCACAO BASICA","60","-","2012","1"
"1815470","turmas-graduacao","2012.1","EAD0009","PRATICA DE ENSINO II - POLITICAS, ESTRUTURA E GESTAO DA EDUCACAO BASICA","60","-","2012","1"
"1815470","turmas-graduacao","2012.1","EAD0009","PRATICA DE ENSINO II - POLITICAS, ESTRUTURA E GESTAO DA EDUCACAO BASICA","60","-","2012","1"
"1815470","turmas-graduacao","2012.1","EAD0009","PRATICA DE ENSINO II - POLITICAS, ESTRUTURA E GESTAO DA EDUCACAO BASICA","60","-","2012","1"
